site,date,time,species,position,tide,lat.position
Dwejra,31.05.21,10:20,Phorcus turbinatus,0.26,0.12,0.38
Dwejra,31.05.21,10:20,Phorcus turbinatus,0.16,0.12,0.28
Dwejra,31.05.21,10:20,Phorcus turbinatus,0.16,0.12,0.28
Dwejra,31.05.21,10:20,Phorcus turbinatus,0.17,0.12,0.29
Dwejra,31.05.21,10:20,Phorcus turbinatus,0.16,0.12,0.28
Dwejra,31.05.21,10:20,Phorcus turbinatus,0.16,0.12,0.28
Dwejra,31.05.21,10:20,Phorcus turbinatus,0.16,0.12,0.28
Dwejra,31.05.21,10:20,Phorcus turbinatus,0.17,0.12,0.29
Dwejra,31.05.21,10:20,Phorcus turbinatus,0.36,0.12,0.48
Dwejra,31.05.21,10:20,Phorcus turbinatus,0.24,0.12,0.36
Dwejra,31.05.21,10:20,Phorcus turbinatus,0.24,0.12,0.36
Dwejra,31.05.21,10:20,Phorcus turbinatus,0.25,0.12,0.37
Dwejra,31.05.21,10:20,Phorcus turbinatus,0.4,0.12,0.52
Dwejra,31.05.21,10:20,Phorcus turbinatus,0.23,0.12,0.35
Dwejra,31.05.21,10:20,Phorcus turbinatus,0.27,0.12,0.39
Dwejra,31.05.21,10:20,Phorcus turbinatus,0.37,0.12,0.49
Dwejra,31.05.21,10:20,Phorcus turbinatus,0.37,0.12,0.49
Dwejra,31.05.21,10:20,Phorcus turbinatus,0.32,0.12,0.44
Dwejra,31.05.21,10:20,Phorcus turbinatus,0.6,0.12,0.72
Dwejra,31.05.21,10:20,Phorcus turbinatus,0.6,0.12,0.72
Dwejra,31.05.21,10:20,Phorcus turbinatus,0.6,0.12,0.72
Dwejra,31.05.21,10:20,Phorcus turbinatus,0.3,0.12,0.42
Xwejni,31.05.21,15:37,Phorcus turbinatus,0.03,0.18,0.21
Xwejni,31.05.21,15:37,Phorcus turbinatus,0.02,0.18,0.2
Xwejni,31.05.21,15:37,Phorcus turbinatus,0.02,0.18,0.2
Xwejni,31.05.21,15:37,Phorcus turbinatus,0.09,0.18,0.27
Xwejni,31.05.21,15:37,Phorcus turbinatus,0.09,0.18,0.27
Xwejni,31.05.21,15:37,Phorcus turbinatus,0.03,0.18,0.21
Xwejni,31.05.21,15:37,Phorcus turbinatus,0.08,0.18,0.26
Xwejni,31.05.21,15:37,Phorcus turbinatus,0.12,0.18,0.3
Xwejni,31.05.21,15:37,Phorcus turbinatus,0.11,0.18,0.29
Xwejni,31.05.21,15:37,Phorcus turbinatus,0.11,0.18,0.29
Xwejni,31.05.21,15:37,Phorcus turbinatus,0.16,0.18,0.34
Xwejni,31.05.21,15:37,Phorcus turbinatus,0.21,0.18,0.39
Xwejni,31.05.21,15:37,Phorcus turbinatus,0.21,0.18,0.39
Xwejni,31.05.21,15:37,Phorcus turbinatus,0.2,0.18,0.38
Xwejni,31.05.21,15:37,Phorcus turbinatus,0.2,0.18,0.38
Xwejni,31.05.21,15:37,Phorcus turbinatus,0.2,0.18,0.38
Xwejni,31.05.21,15:37,Phorcus turbinatus,0.14,0.18,0.32
Xwejni,31.05.21,15:37,Phorcus turbinatus,0.06,0.18,0.24
Xwejni,31.05.21,15:37,Phorcus turbinatus,0.11,0.18,0.29
Xwejni,31.05.21,15:37,Phorcus turbinatus,0.02,0.18,0.2
Xwejni,31.05.21,15:37,Phorcus turbinatus,0.1,0.18,0.28
Xwejni,31.05.21,15:37,Phorcus turbinatus,-0.03,0.18,0.15
Xwejni,31.05.21,15:37,Phorcus turbinatus,0,0.18,0.18
Xwejni,31.05.21,15:37,Phorcus turbinatus,-0.05,0.18,0.13
Xwejni,31.05.21,15:37,Phorcus turbinatus,0.04,0.18,0.22
Xwejni,31.05.21,15:37,Phorcus turbinatus,0.1,0.18,0.28
Xwejni,31.05.21,15:37,Phorcus turbinatus,0.11,0.18,0.29
Xwejni,31.05.21,15:37,Phorcus turbinatus,0.03,0.18,0.21
Xwejni,31.05.21,15:37,Phorcus turbinatus,0,0.18,0.18
Xwejni,31.05.21,15:37,Phorcus turbinatus,0,0.18,0.18
Xwejni,31.05.21,15:37,Phorcus turbinatus,0,0.18,0.18
Xwejni,31.05.21,15:37,Phorcus turbinatus,-0.06,0.18,0.12
Xwejni,31.05.21,15:37,Phorcus turbinatus,0.07,0.18,0.25
Xwejni,31.05.21,15:37,Phorcus turbinatus,0.12,0.18,0.3
Xwejni,31.05.21,15:37,Phorcus turbinatus,0,0.18,0.18
Xwejni,31.05.21,15:37,Phorcus turbinatus,-0.03,0.18,0.15
Xwejni,31.05.21,15:37,Phorcus turbinatus,0.11,0.18,0.29
Xwejni,31.05.21,15:37,Phorcus turbinatus,0.08,0.18,0.26
Xwejni,31.05.21,15:37,Phorcus turbinatus,0.1,0.18,0.28
Xwejni,31.05.21,15:37,Phorcus turbinatus,0.16,0.18,0.34
Xwejni,31.05.21,15:37,Phorcus turbinatus,0.07,0.18,0.25
Xwejni,31.05.21,15:37,Phorcus turbinatus,0.07,0.18,0.25
Xwejni,31.05.21,15:37,Phorcus turbinatus,0.1,0.18,0.28
Xwejni,31.05.21,15:37,Phorcus turbinatus,0.19,0.18,0.37
Xwejni,31.05.21,15:37,Phorcus turbinatus,0.09,0.18,0.27
Xwejni,31.05.21,15:37,Phorcus turbinatus,0.18,0.18,0.36
Xwejni,01.06.21,16:00,Phorcus turbinatus,-0.07,0.16,0.09
Xwejni,01.06.21,16:00,Phorcus turbinatus,-0.08,0.16,0.08
Xwejni,01.06.21,16:00,Phorcus turbinatus,-0.03,0.16,0.13
Xwejni,01.06.21,16:00,Phorcus turbinatus,0.14,0.16,0.3
Xwejni,01.06.21,16:00,Phorcus turbinatus,0.14,0.16,0.3
Xwejni,01.06.21,16:00,Phorcus turbinatus,0.14,0.16,0.3
Xwejni,01.06.21,16:00,Phorcus turbinatus,0.14,0.16,0.3
Xwejni,01.06.21,16:00,Phorcus turbinatus,0.18,0.16,0.34
Xwejni,01.06.21,16:00,Phorcus turbinatus,0.18,0.16,0.34
Xwejni,01.06.21,16:00,Phorcus turbinatus,0.04,0.16,0.2
Xwejni,01.06.21,16:00,Phorcus turbinatus,0.1,0.16,0.26
Xwejni,01.06.21,16:00,Phorcus turbinatus,0.14,0.16,0.3
Xwejni,01.06.21,16:00,Phorcus turbinatus,0.11,0.16,0.27
Xwejni,01.06.21,16:00,Phorcus turbinatus,0.11,0.16,0.27
Xwejni,01.06.21,16:00,Phorcus turbinatus,0.12,0.16,0.28
Xwejni,01.06.21,16:00,Phorcus turbinatus,0.12,0.16,0.28
Xwejni,01.06.21,16:00,Phorcus turbinatus,0.11,0.16,0.27
Xwejni,01.06.21,16:00,Phorcus turbinatus,0.13,0.16,0.29
Xwejni,01.06.21,16:00,Phorcus turbinatus,0.13,0.16,0.29
Xwejni,01.06.21,16:00,Phorcus turbinatus,0.13,0.16,0.29
Xwejni,01.06.21,16:00,Phorcus turbinatus,0.12,0.16,0.28
Xwejni,01.06.21,16:00,Phorcus turbinatus,0.09,0.16,0.25
Xwejni,01.06.21,16:00,Phorcus turbinatus,0,0.16,0.16
Xwejni,01.06.21,16:00,Phorcus turbinatus,0.09,0.16,0.25
Xwejni,01.06.21,16:00,Phorcus turbinatus,0.05,0.16,0.21
Xwejni,01.06.21,16:00,Phorcus turbinatus,0.09,0.16,0.25
Xwejni,01.06.21,16:00,Phorcus turbinatus,0.09,0.16,0.25
Xwejni,01.06.21,16:00,Phorcus turbinatus,0.15,0.16,0.31
Xwejni,01.06.21,15:13,Hexaplex trunculus,-2,0.15,-1.85
Xwejni,01.06.21,15:13,Hexaplex trunculus,-2,0.15,-1.85
Xwejni,01.06.21,15:42,Hexaplex trunculus,-0.9,0.16,-0.74
Xwejni,01.06.21,15:42,Hexaplex trunculus,-0.4,0.16,-0.24
Xwejni,01.06.21,15:42,Hexaplex trunculus,-0.3,0.16,-0.14
Xwejni,01.06.21,15:42,Hexaplex trunculus,-0.3,0.16,-0.14
Xwejni,01.06.21,15:32,Thalassoma pavo,-0.4,0.15,-0.25
Xwejni,01.06.21,15:32,Thalassoma pavo,-0.4,0.15,-0.25
Xwejni,01.06.21,15:32,Thalassoma pavo,-0.3,0.15,-0.15
Xwejni,01.06.21,15:32,Thalassoma pavo,-0.3,0.15,-0.15
Xwejni,01.06.21,15:32,Thalassoma pavo,-0.3,0.15,-0.15
Xwejni,01.06.21,15:32,Thalassoma pavo,-0.3,0.15,-0.15
Xwejni,01.06.21,15:32,Thalassoma pavo,-0.4,0.15,-0.25
Xwejni,01.06.21,15:32,Thalassoma pavo,-0.4,0.15,-0.25
Xwejni,01.06.21,15:32,Thalassoma pavo,-0.3,0.15,-0.15
Xwejni,01.06.21,15:32,Thalassoma pavo,-0.6,0.15,-0.45
Xwejni,01.06.21,15:32,Thalassoma pavo,-0.6,0.15,-0.45
Xwejni,01.06.21,15:32,Thalassoma pavo,-0.6,0.15,-0.45
Xwejni,01.06.21,15:32,Thalassoma pavo,-0.3,0.15,-0.15
Xwejni,01.06.21,15:32,Thalassoma pavo,-0.3,0.15,-0.15
Xwejni,01.06.21,15:32,Thalassoma pavo,-0.4,0.15,-0.25
Xwejni,01.06.21,15:32,Thalassoma pavo,-0.4,0.15,-0.25
Xwejni,01.06.21,15:32,Thalassoma pavo,-0.5,0.15,-0.35
Xwejni,01.06.21,15:32,Thalassoma pavo,-0.5,0.15,-0.35
Xwejni,01.06.21,15:32,Thalassoma pavo,-0.4,0.15,-0.25
Xwejni,01.06.21,15:32,Thalassoma pavo,-0.7,0.15,-0.55
Xwejni,01.06.21,15:32,Thalassoma pavo,-0.6,0.15,-0.45
Xwejni,01.06.21,15:32,Thalassoma pavo,-0.6,0.15,-0.45
Xwejni,01.06.21,15:32,Thalassoma pavo,-0.6,0.15,-0.45
Xwejni,01.06.21,15:32,Thalassoma pavo,-0.5,0.15,-0.35
Xwejni,01.06.21,15:32,Thalassoma pavo,-0.4,0.15,-0.25
Xwejni,01.06.21,15:32,Thalassoma pavo,-0.3,0.15,-0.15
Xwejni,01.06.21,15:32,Thalassoma pavo,-0.3,0.15,-0.15
Xwejni,01.06.21,15:32,Thalassoma pavo,-0.3,0.15,-0.15
Xwejni,01.06.21,15:32,Thalassoma pavo,-0.4,0.15,-0.25
Xwejni,01.06.21,15:32,Thalassoma pavo,-0.4,0.15,-0.25
Xwejni,01.06.21,15:32,Thalassoma pavo,-0.4,0.15,-0.25
Xwejni,01.06.21,15:32,Thalassoma pavo,-0.3,0.15,-0.15
Xwejni,01.06.21,15:32,Thalassoma pavo,-0.3,0.15,-0.15
Xwejni,01.06.21,15:32,Thalassoma pavo,-0.3,0.15,-0.15
Xwejni,01.06.21,15:32,Thalassoma pavo,-0.2,0.15,-0.05
Xwejni,01.06.21,15:32,Thalassoma pavo,-0.2,0.15,-0.05
Xwejni,01.06.21,15:32,Thalassoma pavo,-0.2,0.15,-0.05
Xwejni,01.06.21,15:32,Thalassoma pavo,-0.4,0.15,-0.25
Xwejni,01.06.21,15:32,Thalassoma pavo,-0.6,0.15,-0.45
Xwejni,01.06.21,15:32,Thalassoma pavo,-0.6,0.15,-0.45
Xwejni,01.06.21,15:32,Thalassoma pavo,-0.4,0.15,-0.25
Xwejni,01.06.21,15:32,Thalassoma pavo,-0.7,0.15,-0.55
Xwejni,01.06.21,15:32,Thalassoma pavo,-0.7,0.15,-0.55
Xwejni,01.06.21,15:32,Thalassoma pavo,-0.5,0.15,-0.35
Xwejni,01.06.21,15:32,Thalassoma pavo,-0.5,0.15,-0.35
Xwejni,01.06.21,15:32,Thalassoma pavo,-0.5,0.15,-0.35
Xwejni,01.06.21,15:32,Thalassoma pavo,-0.5,0.15,-0.35
Xwejni,01.06.21,15:32,Thalassoma pavo,-0.5,0.15,-0.35
Xwejni,01.06.21,15:32,Thalassoma pavo,-0.4,0.15,-0.25
Xwejni,01.06.21,15:32,Thalassoma pavo,-0.4,0.15,-0.25
Xwejni,01.06.21,15:32,Thalassoma pavo,-0.5,0.15,-0.35
Xwejni,01.06.21,15:32,Thalassoma pavo,-0.5,0.15,-0.35
Xwejni,01.06.21,15:32,Thalassoma pavo,-0.4,0.15,-0.25
Xwejni,01.06.21,15:32,Thalassoma pavo,-0.4,0.15,-0.25
Xwejni,01.06.21,15:32,Thalassoma pavo,-0.4,0.15,-0.25
Xwejni,01.06.21,15:32,Thalassoma pavo,-0.6,0.15,-0.45
Xwejni,01.06.21,15:32,Thalassoma pavo,-0.7,0.15,-0.55
Xwejni,01.06.21,15:32,Thalassoma pavo,-0.7,0.15,-0.55
Xwejni,01.06.21,15:32,Thalassoma pavo,-1.2,0.15,-1.05
Xwejni,01.06.21,15:32,Thalassoma pavo,-1.2,0.15,-1.05
Xwejni,01.06.21,15:32,Thalassoma pavo,-1.9,0.15,-1.75
Xwejni,01.06.21,15:32,Thalassoma pavo,-1.9,0.15,-1.75
Xwejni,01.06.21,15:32,Thalassoma pavo,-1.9,0.15,-1.75
Xwejni,01.06.21,15:32,Thalassoma pavo,-1.8,0.15,-1.65
Xwejni,01.06.21,15:32,Thalassoma pavo,-1.3,0.15,-1.15
Xwejni,01.06.21,15:32,Thalassoma pavo,-1.1,0.15,-0.95
Xwejni,01.06.21,15:32,Thalassoma pavo,-1.4,0.15,-1.25
Xwejni,01.06.21,15:32,Thalassoma pavo,-1.6,0.15,-1.45
Xwejni,01.06.21,15:32,Thalassoma pavo,-0.9,0.15,-0.75
Xwejni,01.06.21,15:32,Thalassoma pavo,-1.1,0.15,-0.95
Xwejni,01.06.21,15:32,Thalassoma pavo,-1.1,0.15,-0.95
Xwejni,01.06.21,15:32,Thalassoma pavo,-1.1,0.15,-0.95
Xwejni,01.06.21,15:32,Thalassoma pavo,-0.8,0.15,-0.65
Xwejni,01.06.21,15:32,Thalassoma pavo,-0.8,0.15,-0.65
Xwejni,01.06.21,15:32,Thalassoma pavo,-1.1,0.15,-0.95
Xwejni,01.06.21,15:32,Thalassoma pavo,-0.4,0.15,-0.25
Xwejni,01.06.21,15:32,Thalassoma pavo,-0.5,0.15,-0.35
Xwejni,01.06.21,15:32,Thalassoma pavo,-0.5,0.15,-0.35
Xwejni,01.06.21,15:32,Thalassoma pavo,-0.4,0.15,-0.25
Ras,02.06.21,16:00,Phorcus turbinatus,0.17,0.14,0.31
Ras,02.06.21,16:00,Phorcus turbinatus,0.18,0.14,0.32
Ras,02.06.21,16:00,Phorcus turbinatus,0.18,0.14,0.32
Ras,02.06.21,16:00,Phorcus turbinatus,0.23,0.14,0.37
Ras,02.06.21,16:00,Phorcus turbinatus,0.23,0.14,0.37
Ras,02.06.21,16:00,Phorcus turbinatus,0.27,0.14,0.41
Ras,02.06.21,16:00,Phorcus turbinatus,0.27,0.14,0.41
Ras,02.06.21,16:00,Phorcus turbinatus,0.27,0.14,0.41
Ras,02.06.21,16:00,Phorcus turbinatus,0.28,0.14,0.42
Ras,02.06.21,16:00,Phorcus turbinatus,0.28,0.14,0.42
Ras,02.06.21,16:00,Phorcus turbinatus,0.28,0.14,0.42
Ras,02.06.21,16:00,Phorcus turbinatus,0.21,0.14,0.35
Ras,02.06.21,16:00,Phorcus turbinatus,0.19,0.14,0.33
Ras,02.06.21,16:00,Phorcus turbinatus,0.16,0.14,0.3
Ras,02.06.21,16:00,Phorcus turbinatus,0.24,0.14,0.38
Ras,02.06.21,16:00,Phorcus turbinatus,0.24,0.14,0.38
Ras,02.06.21,16:00,Phorcus turbinatus,0.3,0.14,0.44
Ras,02.06.21,16:00,Phorcus turbinatus,0.3,0.14,0.44
Ras,02.06.21,16:00,Phorcus turbinatus,0.3,0.14,0.44
Ras,02.06.21,16:00,Phorcus turbinatus,0.29,0.14,0.43
Ras,02.06.21,16:00,Phorcus turbinatus,0.31,0.14,0.45
Ras,02.06.21,16:00,Phorcus turbinatus,0.32,0.14,0.46
Ras,02.06.21,16:00,Phorcus turbinatus,0.32,0.14,0.46
Ras,02.06.21,16:00,Phorcus turbinatus,0.32,0.14,0.46
Ras,02.06.21,16:00,Phorcus turbinatus,0.4,0.14,0.54
Ras,02.06.21,16:00,Phorcus turbinatus,0.4,0.14,0.54
Ras,02.06.21,16:00,Phorcus turbinatus,0.21,0.14,0.35
Ras,02.06.21,16:00,Phorcus turbinatus,0.06,0.14,0.2
Ras,02.06.21,16:00,Phorcus turbinatus,0.18,0.14,0.32
Ras,02.06.21,16:00,Phorcus turbinatus,0.19,0.14,0.33
Ras,02.06.21,16:00,Phorcus turbinatus,0.06,0.14,0.2
Ras,02.06.21,16:00,Phorcus turbinatus,0.05,0.14,0.19
Ras,02.06.21,16:00,Phorcus turbinatus,0.05,0.14,0.19
Ras,02.06.21,16:00,Phorcus turbinatus,0.05,0.14,0.19
Ras,02.06.21,16:00,Phorcus turbinatus,0.05,0.14,0.19
Ras,02.06.21,15:29,Thalassoma pavo,-1.1,0.14,-0.96
Ras,02.06.21,15:29,Thalassoma pavo,-1.1,0.14,-0.96
Ras,02.06.21,15:29,Thalassoma pavo,-1.1,0.14,-0.96
Ras,02.06.21,15:29,Thalassoma pavo,-0.7,0.14,-0.56
Ras,02.06.21,15:29,Thalassoma pavo,-0.7,0.14,-0.56
Ras,02.06.21,15:29,Thalassoma pavo,-0.8,0.14,-0.66
Ras,02.06.21,15:29,Thalassoma pavo,-0.6,0.14,-0.46
Ras,02.06.21,15:29,Thalassoma pavo,-0.6,0.14,-0.46
Ras,02.06.21,15:29,Thalassoma pavo,-0.6,0.14,-0.46
Ras,02.06.21,15:29,Thalassoma pavo,-0.6,0.14,-0.46
Ras,02.06.21,15:29,Thalassoma pavo,-0.6,0.14,-0.46
Ras,02.06.21,15:29,Thalassoma pavo,-0.6,0.14,-0.46
Ras,02.06.21,15:29,Thalassoma pavo,-0.6,0.14,-0.46
Ras,02.06.21,15:29,Thalassoma pavo,-0.6,0.14,-0.46
Ras,02.06.21,15:29,Thalassoma pavo,-0.6,0.14,-0.46
Ras,02.06.21,15:29,Thalassoma pavo,-0.7,0.14,-0.56
Ras,02.06.21,15:29,Thalassoma pavo,-0.7,0.14,-0.56
Ras,02.06.21,15:29,Thalassoma pavo,-0.7,0.14,-0.56
Ras,02.06.21,15:29,Thalassoma pavo,-0.8,0.14,-0.66
Ras,02.06.21,15:29,Thalassoma pavo,-0.7,0.14,-0.56
Ras,02.06.21,15:29,Thalassoma pavo,-0.7,0.14,-0.56
Ras,02.06.21,15:29,Thalassoma pavo,-0.7,0.14,-0.56
Ras,02.06.21,15:29,Thalassoma pavo,-0.6,0.14,-0.46
Ras,02.06.21,15:29,Thalassoma pavo,-0.4,0.14,-0.26
Ras,02.06.21,15:29,Thalassoma pavo,-0.5,0.14,-0.36
Ras,02.06.21,15:29,Thalassoma pavo,-0.6,0.14,-0.46
Ras,02.06.21,15:29,Thalassoma pavo,-0.6,0.14,-0.46
Ras,02.06.21,15:29,Thalassoma pavo,-0.6,0.14,-0.46
Ras,02.06.21,15:29,Thalassoma pavo,-0.6,0.14,-0.46
Ras,02.06.21,15:29,Thalassoma pavo,-0.6,0.14,-0.46
Ras,02.06.21,15:29,Thalassoma pavo,-0.6,0.14,-0.46
Ras,02.06.21,15:29,Thalassoma pavo,-0.6,0.14,-0.46
Ras,02.06.21,15:29,Thalassoma pavo,-0.6,0.14,-0.46
Ras,02.06.21,15:29,Thalassoma pavo,-0.8,0.14,-0.66
Ras,02.06.21,15:29,Thalassoma pavo,-0.8,0.14,-0.66
Ras,02.06.21,15:29,Thalassoma pavo,-0.8,0.14,-0.66
Ras,02.06.21,15:29,Thalassoma pavo,-0.8,0.14,-0.66
Ras,02.06.21,15:29,Thalassoma pavo,-0.8,0.14,-0.66
Ras,02.06.21,15:29,Thalassoma pavo,-0.5,0.14,-0.36
Ras,02.06.21,15:29,Thalassoma pavo,-0.9,0.14,-0.76
Ras,02.06.21,15:29,Thalassoma pavo,-1.8,0.14,-1.66
Ras,02.06.21,15:29,Thalassoma pavo,-2,0.14,-1.86
Ras,02.06.21,15:29,Thalassoma pavo,-2.4,0.14,-2.26
Ras,02.06.21,15:29,Thalassoma pavo,-2.6,0.14,-2.46
Ras,02.06.21,15:29,Thalassoma pavo,-1,0.14,-0.86
Ras,02.06.21,15:29,Thalassoma pavo,-0.8,0.14,-0.66
Ras,02.06.21,15:29,Thalassoma pavo,-0.8,0.14,-0.66
Ras,02.06.21,15:29,Thalassoma pavo,-0.5,0.14,-0.36
Ras,02.06.21,15:29,Thalassoma pavo,-0.4,0.14,-0.26
Ras,02.06.21,15:29,Thalassoma pavo,-0.4,0.14,-0.26
Ras,02.06.21,15:29,Thalassoma pavo,-0.4,0.14,-0.26
Ras,02.06.21,15:29,Thalassoma pavo,-0.4,0.14,-0.26
Ras,02.06.21,15:29,Thalassoma pavo,-0.3,0.14,-0.16
Ras,02.06.21,15:29,Thalassoma pavo,-0.3,0.14,-0.16
Ras,02.06.21,15:29,Thalassoma pavo,-0.5,0.14,-0.36
Ras,02.06.21,15:29,Thalassoma pavo,-0.8,0.14,-0.66
Ras,02.06.21,15:29,Thalassoma pavo,-0.8,0.14,-0.66
Ras,02.06.21,15:29,Thalassoma pavo,-1.3,0.14,-1.16
Ras,02.06.21,15:29,Thalassoma pavo,-1.5,0.14,-1.36
Ras,02.06.21,15:29,Thalassoma pavo,-1.5,0.14,-1.36
Ras,02.06.21,15:29,Thalassoma pavo,-1.5,0.14,-1.36
Ras,02.06.21,15:29,Thalassoma pavo,-1.5,0.14,-1.36
Ras,02.06.21,15:29,Thalassoma pavo,-1.4,0.14,-1.26
Ras,02.06.21,15:29,Thalassoma pavo,-1.4,0.14,-1.26
Ras,02.06.21,15:29,Thalassoma pavo,-1.4,0.14,-1.26
Ras,02.06.21,15:29,Thalassoma pavo,-1.1,0.14,-0.96
Ras,02.06.21,15:29,Thalassoma pavo,-1.2,0.14,-1.06
Ras,02.06.21,15:29,Thalassoma pavo,-1,0.14,-0.86
Ras,02.06.21,15:29,Thalassoma pavo,-1,0.14,-0.86
Ras,02.06.21,15:29,Thalassoma pavo,-1.3,0.14,-1.16
Ras,02.06.21,15:29,Thalassoma pavo,-1.3,0.14,-1.16
Ras,02.06.21,15:29,Thalassoma pavo,-2.4,0.14,-2.26
Ras,02.06.21,15:29,Thalassoma pavo,-2.4,0.14,-2.26
Ras,02.06.21,15:29,Thalassoma pavo,-2.4,0.14,-2.26
Ras,02.06.21,15:29,Thalassoma pavo,-2.4,0.14,-2.26
Ras,02.06.21,15:29,Thalassoma pavo,-2.4,0.14,-2.26
Ras,02.06.21,15:29,Thalassoma pavo,-1.6,0.14,-1.46
Ras,02.06.21,15:29,Thalassoma pavo,-1.6,0.14,-1.46
Ras,02.06.21,15:29,Thalassoma pavo,-0.5,0.14,-0.36
Ras,02.06.21,15:29,Thalassoma pavo,-0.6,0.14,-0.46
Ras,02.06.21,15:29,Thalassoma pavo,-0.5,0.14,-0.36
Ras,02.06.21,15:29,Thalassoma pavo,-0.5,0.14,-0.36
Ras,02.06.21,15:29,Thalassoma pavo,-0.5,0.14,-0.36
Ras,02.06.21,15:29,Thalassoma pavo,-0.7,0.14,-0.56
Ras,02.06.21,15:29,Thalassoma pavo,-0.7,0.14,-0.56
Ras,02.06.21,15:29,Thalassoma pavo,-0.7,0.14,-0.56
Ras,02.06.21,15:29,Thalassoma pavo,-0.7,0.14,-0.56
Ras,02.06.21,15:29,Thalassoma pavo,-0.6,0.14,-0.46
Ras,02.06.21,15:29,Thalassoma pavo,-0.7,0.14,-0.56
Ras,02.06.21,15:29,Thalassoma pavo,-0.7,0.14,-0.56
Ras,02.06.21,15:29,Thalassoma pavo,-0.5,0.14,-0.36
Ras,02.06.21,15:29,Thalassoma pavo,-0.5,0.14,-0.36
Ras,02.06.21,15:29,Thalassoma pavo,-0.5,0.14,-0.36
Ras,02.06.21,15:29,Thalassoma pavo,-0.8,0.14,-0.66
Ras,02.06.21,15:29,Thalassoma pavo,-1,0.14,-0.86
Ras,02.06.21,15:29,Thalassoma pavo,-0.7,0.14,-0.56
Ras,02.06.21,15:29,Thalassoma pavo,-0.7,0.14,-0.56
Ras,02.06.21,15:29,Thalassoma pavo,-0.7,0.14,-0.56
Ras,02.06.21,15:29,Thalassoma pavo,-2.2,0.14,-2.06
Ras,02.06.21,15:29,Thalassoma pavo,-2.6,0.14,-2.46
Ras,02.06.21,15:29,Thalassoma pavo,-2.2,0.14,-2.06
Ras,02.06.21,15:29,Thalassoma pavo,-2,0.14,-1.86
Ras,02.06.21,15:29,Thalassoma pavo,-2,0.14,-1.86
Ras,02.06.21,15:29,Thalassoma pavo,-2,0.14,-1.86
Ras,02.06.21,15:29,Thalassoma pavo,-1.9,0.14,-1.76
Ras,02.06.21,15:29,Thalassoma pavo,-0.5,0.14,-0.36
Ras,02.06.21,15:29,Thalassoma pavo,-0.7,0.14,-0.56
Ras,02.06.21,15:29,Thalassoma pavo,-0.8,0.14,-0.66
Ras,02.06.21,15:29,Thalassoma pavo,-0.8,0.14,-0.66
Ras,02.06.21,15:29,Thalassoma pavo,-1.6,0.14,-1.46
Ras,02.06.21,15:29,Thalassoma pavo,-0.7,0.14,-0.56
Ras,02.06.21,15:29,Thalassoma pavo,-0.5,0.14,-0.36
Ras,02.06.21,15:29,Thalassoma pavo,-0.6,0.14,-0.46
Ras,02.06.21,15:29,Thalassoma pavo,-0.7,0.14,-0.56
Ras,02.06.21,15:29,Thalassoma pavo,-0.4,0.14,-0.26
Ras,02.06.21,15:29,Thalassoma pavo,-0.5,0.14,-0.36
Ras,02.06.21,15:29,Thalassoma pavo,-1,0.14,-0.86
Ras,02.06.21,15:29,Thalassoma pavo,-0.7,0.14,-0.56
Ras,02.06.21,15:29,Thalassoma pavo,-0.4,0.14,-0.26
Ras,02.06.21,15:29,Thalassoma pavo,-0.3,0.14,-0.16
Ras,02.06.21,15:29,Thalassoma pavo,-0.2,0.14,-0.06
Ras,02.06.21,15:29,Thalassoma pavo,-0.2,0.14,-0.06
Ras,02.06.21,15:29,Thalassoma pavo,-0.3,0.14,-0.16
Ras,02.06.21,15:29,Thalassoma pavo,-0.3,0.14,-0.16
Ras,02.06.21,15:29,Thalassoma pavo,-0.3,0.14,-0.16
Ras,02.06.21,15:29,Thalassoma pavo,-0.3,0.14,-0.16
Ras,02.06.21,15:29,Thalassoma pavo,-0.3,0.14,-0.16
Ras,02.06.21,15:29,Thalassoma pavo,-0.3,0.14,-0.16
Ras,02.06.21,15:29,Thalassoma pavo,-0.3,0.14,-0.16
Ras,02.06.21,15:29,Thalassoma pavo,-0.3,0.14,-0.16
Ras,02.06.21,15:29,Thalassoma pavo,-0.3,0.14,-0.16
Ras,02.06.21,15:29,Thalassoma pavo,-0.4,0.14,-0.26
Ras,02.06.21,15:29,Thalassoma pavo,-0.4,0.14,-0.26
Ras,02.06.21,15:29,Thalassoma pavo,-0.3,0.14,-0.16
Ras,02.06.21,15:29,Thalassoma pavo,-0.4,0.14,-0.26
Ras,02.06.21,15:29,Thalassoma pavo,-0.4,0.14,-0.26
Ras,02.06.21,15:29,Thalassoma pavo,-0.4,0.14,-0.26
Ras,02.06.21,15:29,Thalassoma pavo,-0.2,0.14,-0.06
Ras,02.06.21,15:29,Thalassoma pavo,-0.2,0.14,-0.06
Ras,02.06.21,15:29,Thalassoma pavo,-0.2,0.14,-0.06
Ras,02.06.21,15:29,Thalassoma pavo,-0.2,0.14,-0.06
Ras,02.06.21,15:29,Thalassoma pavo,-0.4,0.14,-0.26
Xwejni,03.06.21,12:00,Hexaplex trunculus,-0.7,0.21,-0.49
Xwejni,03.06.21,12:00,Hexaplex trunculus,-0.6,0.21,-0.39
Xwejni,03.06.21,12:00,Hexaplex trunculus,-0.7,0.21,-0.49
Xwejni,03.06.21,12:21,Hexaplex trunculus,-0.8,0.21,-0.59
Xwejni,03.06.21,12:21,Thalassoma pavo,-0.3,0.21,-0.09
Xwejni,03.06.21,12:21,Thalassoma pavo,-0.6,0.21,-0.39
Xwejni,03.06.21,12:21,Thalassoma pavo,-0.9,0.21,-0.69
Xwejni,03.06.21,12:21,Thalassoma pavo,-1,0.21,-0.79
Xwejni,03.06.21,12:21,Thalassoma pavo,-1.3,0.21,-1.09
Xwejni,03.06.21,12:40,Thalassoma pavo,-1.1,0.2,-0.9
Xwejni,03.06.21,12:40,Thalassoma pavo,-0.5,0.2,-0.3
Xwejni,03.06.21,12:40,Hexaplex trunculus,-0.7,0.2,-0.5
Xwejni,03.06.21,12:40,Hexaplex trunculus,-0.8,0.2,-0.6
Xwejni,03.06.21,12:40,Phorcus turbinatus,-0.2,0.2,0
Xwejni,03.06.21,12:40,Phorcus turbinatus,-0.1,0.2,0.1
Xwejni,03.06.21,12:40,Phorcus turbinatus,-0.05,0.2,0.15
Ras,05.06.21,11:50,Phorcus turbinatus,0.23,0.27,0.5
Ras,05.06.21,11:50,Phorcus turbinatus,0.23,0.27,0.5
Ras,05.06.21,11:50,Phorcus turbinatus,0.23,0.27,0.5
Ras,05.06.21,11:50,Phorcus turbinatus,0.23,0.27,0.5
Ras,05.06.21,11:50,Phorcus turbinatus,0.23,0.27,0.5
Ras,05.06.21,11:50,Phorcus turbinatus,0.23,0.27,0.5
Ras,05.06.21,11:50,Phorcus turbinatus,0.23,0.27,0.5
Ras,05.06.21,11:50,Phorcus turbinatus,0.23,0.27,0.5
Ras,05.06.21,11:50,Phorcus turbinatus,0.23,0.27,0.5
Ras,05.06.21,11:50,Phorcus turbinatus,0.23,0.27,0.5
Ras,05.06.21,11:50,Phorcus turbinatus,0.23,0.27,0.5
Ras,05.06.21,11:50,Phorcus turbinatus,0.23,0.27,0.5
Ras,05.06.21,11:50,Phorcus turbinatus,0.23,0.27,0.5
Ras,05.06.21,11:50,Phorcus turbinatus,0.23,0.27,0.5
Ras,05.06.21,11:50,Phorcus turbinatus,0.23,0.27,0.5
Ras,05.06.21,11:50,Phorcus turbinatus,0.23,0.27,0.5
Ras,05.06.21,11:50,Phorcus turbinatus,0.23,0.27,0.5
Ras,05.06.21,11:50,Phorcus turbinatus,0.23,0.27,0.5
Ras,05.06.21,11:50,Phorcus turbinatus,0.18,0.27,0.45
Ras,05.06.21,11:50,Phorcus turbinatus,0.18,0.27,0.45
Ras,05.06.21,11:50,Phorcus turbinatus,0.12,0.27,0.39
Ras,05.06.21,11:50,Phorcus turbinatus,0.2,0.27,0.47
Ras,05.06.21,11:50,Phorcus turbinatus,0.2,0.27,0.47
Ras,05.06.21,11:50,Phorcus turbinatus,0.14,0.27,0.41
Ras,05.06.21,11:50,Phorcus turbinatus,0.17,0.27,0.44
Ras,05.06.21,11:50,Phorcus turbinatus,0.18,0.27,0.45
Ras,05.06.21,11:50,Phorcus turbinatus,0.18,0.27,0.45
Ras,05.06.21,11:50,Phorcus turbinatus,0.18,0.27,0.45
Ras,05.06.21,11:50,Phorcus turbinatus,0.19,0.27,0.46
Ras,05.06.21,11:50,Phorcus turbinatus,0.19,0.27,0.46
Ras,05.06.21,11:50,Phorcus turbinatus,0.19,0.27,0.46
Ras,05.06.21,11:50,Phorcus turbinatus,0.19,0.27,0.46
Ras,05.06.21,11:50,Phorcus turbinatus,0.19,0.27,0.46
Ras,05.06.21,11:50,Phorcus turbinatus,0.19,0.27,0.46
Ras,05.06.21,11:50,Phorcus turbinatus,0.16,0.27,0.43
Ras,05.06.21,11:50,Phorcus turbinatus,0.16,0.27,0.43
Ras,05.06.21,11:50,Phorcus turbinatus,0.16,0.27,0.43
Ras,05.06.21,11:50,Phorcus turbinatus,0.16,0.27,0.43
Ras,05.06.21,11:50,Phorcus turbinatus,0.16,0.27,0.43
Ras,05.06.21,11:50,Phorcus turbinatus,0.16,0.27,0.43
Ras,05.06.21,11:50,Phorcus turbinatus,0.16,0.27,0.43
Ras,05.06.21,11:50,Phorcus turbinatus,0.16,0.27,0.43
Ras,05.06.21,11:50,Phorcus turbinatus,0.16,0.27,0.43
Ras,05.06.21,11:50,Phorcus turbinatus,0.16,0.27,0.43
Ras,05.06.21,11:50,Phorcus turbinatus,0.16,0.27,0.43
Ras,05.06.21,11:50,Phorcus turbinatus,0.16,0.27,0.43
Ras,05.06.21,11:50,Phorcus turbinatus,0.3,0.27,0.57
Ras,05.06.21,11:50,Phorcus turbinatus,0.3,0.27,0.57
Ras,05.06.21,11:50,Phorcus turbinatus,0.3,0.27,0.57
Ras,05.06.21,11:50,Phorcus turbinatus,0.45,0.27,0.72
Ras,05.06.21,11:50,Phorcus turbinatus,0.46,0.27,0.73
Ras,05.06.21,11:50,Phorcus turbinatus,0.37,0.27,0.64
Ras,05.06.21,11:50,Phorcus turbinatus,0.38,0.27,0.65
Ras,05.06.21,11:50,Phorcus turbinatus,0.28,0.27,0.55
Ras,05.06.21,11:50,Phorcus turbinatus,0.28,0.27,0.55
Ras,05.06.21,11:50,Phorcus turbinatus,0.28,0.27,0.55
Ras,05.06.21,11:50,Phorcus turbinatus,0.28,0.27,0.55
Ras,05.06.21,11:50,Phorcus turbinatus,0.28,0.27,0.55
Ras,05.06.21,11:50,Phorcus turbinatus,0.39,0.27,0.66
Ras,05.06.21,11:50,Phorcus turbinatus,0.11,0.27,0.38
Ras,05.06.21,11:50,Phorcus turbinatus,0.12,0.27,0.39
Ras,05.06.21,11:50,Phorcus turbinatus,0.13,0.27,0.4
Ras,05.06.21,11:50,Phorcus turbinatus,0.14,0.27,0.41
Ras,05.06.21,11:50,Phorcus turbinatus,0.19,0.27,0.46
Ras,05.06.21,11:50,Phorcus turbinatus,0.3,0.27,0.57
Ras,05.06.21,11:50,Phorcus turbinatus,0.3,0.27,0.57
Ras,05.06.21,11:50,Phorcus turbinatus,0.3,0.27,0.57
Ras,05.06.21,11:50,Phorcus turbinatus,0.31,0.27,0.58
Ras,05.06.21,11:50,Phorcus turbinatus,0.32,0.27,0.59
Ras,05.06.21,11:50,Phorcus turbinatus,0.33,0.27,0.6
Ras,05.06.21,11:50,Phorcus turbinatus,0.33,0.27,0.6
Ras,05.06.21,11:50,Phorcus turbinatus,0.44,0.27,0.71
Ras,05.06.21,11:50,Phorcus turbinatus,0.38,0.27,0.65
Ras,05.06.21,11:50,Phorcus turbinatus,0.4,0.27,0.67
Ras,05.06.21,11:50,Phorcus turbinatus,0.42,0.27,0.69
Ras,05.06.21,11:50,Phorcus turbinatus,0.38,0.27,0.65
Ras,05.06.21,11:50,Phorcus turbinatus,0.35,0.27,0.62
Ras,05.06.21,11:50,Phorcus turbinatus,0.3,0.27,0.57
Ras,05.06.21,11:50,Phorcus turbinatus,0.26,0.27,0.53
Ras,05.06.21,11:50,Phorcus turbinatus,0.28,0.27,0.55
Ras,05.06.21,11:50,Phorcus turbinatus,0.29,0.27,0.56
Ras,05.06.21,11:50,Phorcus turbinatus,0.29,0.27,0.56
Ras,05.06.21,11:50,Phorcus turbinatus,0.3,0.27,0.57
Ras,05.06.21,11:50,Phorcus turbinatus,0.25,0.27,0.52
Ras,05.06.21,11:50,Phorcus turbinatus,0.39,0.27,0.66
Ras,05.06.21,11:50,Phorcus turbinatus,0.28,0.27,0.55
Ras,05.06.21,11:50,Phorcus turbinatus,0.13,0.27,0.4
Ras,05.06.21,11:50,Phorcus turbinatus,0.15,0.27,0.42
Ras,05.06.21,11:50,Phorcus turbinatus,0.18,0.27,0.45
Ras,05.06.21,11:50,Phorcus turbinatus,0.22,0.27,0.49
Ras,05.06.21,11:50,Phorcus turbinatus,0.24,0.27,0.51
Ras,05.06.21,11:50,Phorcus turbinatus,0.24,0.27,0.51
Ras,05.06.21,11:50,Phorcus turbinatus,0.36,0.27,0.63
Ras,05.06.21,11:50,Phorcus turbinatus,0.39,0.27,0.66
Ras,05.06.21,11:50,Phorcus turbinatus,0.38,0.27,0.65
Ras,05.06.21,11:50,Phorcus turbinatus,0.4,0.27,0.67
Ras,05.06.21,11:50,Phorcus turbinatus,0.15,0.27,0.42
Ras,05.06.21,11:50,Phorcus turbinatus,0.18,0.27,0.45
Ras,05.06.21,11:50,Phorcus turbinatus,0.21,0.27,0.48
Ras,05.06.21,11:50,Phorcus turbinatus,0.32,0.27,0.59
Ras,05.06.21,11:50,Phorcus turbinatus,0.38,0.27,0.65
Ras,05.06.21,11:50,Phorcus turbinatus,0.38,0.27,0.65
Ras,05.06.21,11:50,Phorcus turbinatus,0.37,0.27,0.64
Ras,05.06.21,11:50,Phorcus turbinatus,0.29,0.27,0.56
Ras,05.06.21,11:50,Phorcus turbinatus,0.3,0.27,0.57
Ras,05.06.21,11:50,Phorcus turbinatus,0.05,0.27,0.32
Ras,05.06.21,11:50,Phorcus turbinatus,0.3,0.27,0.57
Ras,05.06.21,11:50,Phorcus turbinatus,0.26,0.27,0.53
Ras,05.06.21,11:50,Phorcus turbinatus,0.05,0.27,0.32
Ras,05.06.21,11:50,Phorcus turbinatus,0.1,0.27,0.37
Ras,05.06.21,11:50,Phorcus turbinatus,0.12,0.27,0.39
Ras,05.06.21,11:50,Phorcus turbinatus,0.14,0.27,0.41
Ras,05.06.21,11:50,Phorcus turbinatus,0.14,0.27,0.41
Ras,05.06.21,11:50,Phorcus turbinatus,0.13,0.27,0.4
Ras,05.06.21,11:50,Phorcus turbinatus,0.2,0.27,0.47
Ras,05.06.21,11:50,Phorcus turbinatus,0.13,0.27,0.4
Ras,05.06.21,11:50,Phorcus turbinatus,0.13,0.27,0.4
Ras,05.06.21,11:50,Phorcus turbinatus,0.11,0.27,0.38
Ras,05.06.21,11:50,Phorcus turbinatus,0.1,0.27,0.37
Ras,05.06.21,11:50,Phorcus turbinatus,0.12,0.27,0.39
Ras,05.06.21,11:50,Phorcus turbinatus,0.12,0.27,0.39
Ras,05.06.21,11:50,Phorcus turbinatus,0.09,0.27,0.36
Ras,05.06.21,11:50,Phorcus turbinatus,0.12,0.27,0.39
Ras,05.06.21,11:50,Phorcus turbinatus,0.1,0.27,0.37
Ras,05.06.21,11:50,Phorcus turbinatus,0.14,0.27,0.41
Ras,05.06.21,11:50,Phorcus turbinatus,0.15,0.27,0.42
Ras,05.06.21,11:50,Phorcus turbinatus,0.16,0.27,0.43
Ras,05.06.21,11:50,Phorcus turbinatus,0.22,0.27,0.49
Ras,05.06.21,11:50,Phorcus turbinatus,0.28,0.27,0.55
Ras,05.06.21,11:50,Phorcus turbinatus,0.3,0.27,0.57
Ras,05.06.21,11:50,Phorcus turbinatus,0.3,0.27,0.57
Ras,05.06.21,11:50,Phorcus turbinatus,0.3,0.27,0.57
Ras,05.06.21,11:50,Phorcus turbinatus,0.3,0.27,0.57
Ras,05.06.21,11:50,Phorcus turbinatus,0.37,0.27,0.64
Ras,05.06.21,11:50,Phorcus turbinatus,0.37,0.27,0.64
Ras,05.06.21,11:50,Phorcus turbinatus,0.37,0.27,0.64
Ras,05.06.21,11:50,Phorcus turbinatus,0.37,0.27,0.64
Ras,05.06.21,11:50,Phorcus turbinatus,0.35,0.27,0.62
Ras,05.06.21,11:50,Phorcus turbinatus,0.15,0.27,0.42
Ras,05.06.21,11:50,Phorcus turbinatus,0.28,0.27,0.55
Ras,05.06.21,11:50,Phorcus turbinatus,0.28,0.27,0.55
Xwejni,05.06.21,17:15,Phorcus turbinatus,0.13,0.11,0.24
Xwejni,05.06.21,17:15,Phorcus turbinatus,0.13,0.11,0.24
Xwejni,05.06.21,17:15,Phorcus turbinatus,0.03,0.11,0.14
Xwejni,05.06.21,17:15,Phorcus turbinatus,0.15,0.11,0.26
Xwejni,05.06.21,17:15,Phorcus turbinatus,0.21,0.11,0.32
Xwejni,05.06.21,17:15,Phorcus turbinatus,0.21,0.11,0.32
Xwejni,05.06.21,17:15,Phorcus turbinatus,0.08,0.11,0.19
Xwejni,05.06.21,17:15,Phorcus turbinatus,0.21,0.11,0.32
Xwejni,05.06.21,17:15,Phorcus turbinatus,0.11,0.11,0.22
Xwejni,05.06.21,17:15,Phorcus turbinatus,0.22,0.11,0.33
Xwejni,05.06.21,17:15,Phorcus turbinatus,0.22,0.11,0.33
Xwejni,05.06.21,17:15,Phorcus turbinatus,0.2,0.11,0.31
Xwejni,05.06.21,17:15,Phorcus turbinatus,0.24,0.11,0.35
Xwejni,05.06.21,17:15,Phorcus turbinatus,0.23,0.11,0.34
Xwejni,05.06.21,17:15,Phorcus turbinatus,0.24,0.11,0.35
Xwejni,05.06.21,17:15,Phorcus turbinatus,0.22,0.11,0.33
Xwejni,05.06.21,17:15,Phorcus turbinatus,0.22,0.11,0.33
Xwejni,05.06.21,17:15,Phorcus turbinatus,0.23,0.11,0.34
Xwejni,05.06.21,17:15,Phorcus turbinatus,0.24,0.11,0.35
Xwejni,05.06.21,17:15,Phorcus turbinatus,0.24,0.11,0.35
Xwejni,05.06.21,17:15,Phorcus turbinatus,0.24,0.11,0.35
Xwejni,05.06.21,17:15,Phorcus turbinatus,0.25,0.11,0.36
Xwejni,05.06.21,17:15,Phorcus turbinatus,0.25,0.11,0.36
Xwejni,05.06.21,17:15,Phorcus turbinatus,0.36,0.11,0.47
Xwejni,05.06.21,17:15,Phorcus turbinatus,0.34,0.11,0.45
Xwejni,05.06.21,17:15,Phorcus turbinatus,0.34,0.11,0.45
Xwejni,05.06.21,17:15,Phorcus turbinatus,0.39,0.11,0.5
Xwejni,05.06.21,17:15,Phorcus turbinatus,0.38,0.11,0.49
Xwejni,05.06.21,17:15,Phorcus turbinatus,0.37,0.11,0.48
Xwejni,05.06.21,17:15,Phorcus turbinatus,0.39,0.11,0.5
Xwejni,05.06.21,17:15,Phorcus turbinatus,0.4,0.11,0.51
Xwejni,05.06.21,17:15,Phorcus turbinatus,0.41,0.11,0.52
Xwejni,05.06.21,17:15,Phorcus turbinatus,0.38,0.11,0.49
Xwejni,05.06.21,17:15,Phorcus turbinatus,0.4,0.11,0.51
Xwejni,05.06.21,17:15,Phorcus turbinatus,0.4,0.11,0.51
Xwejni,05.06.21,17:15,Phorcus turbinatus,0.34,0.11,0.45
Xwejni,05.06.21,17:15,Phorcus turbinatus,0.36,0.11,0.47
Xwejni,05.06.21,17:15,Phorcus turbinatus,0.37,0.11,0.48
Xwejni,05.06.21,17:15,Phorcus turbinatus,0.28,0.11,0.39
Xwejni,05.06.21,17:15,Phorcus turbinatus,0.42,0.11,0.53
Xwejni,05.06.21,17:15,Phorcus turbinatus,0.42,0.11,0.53
Xwejni,05.06.21,17:15,Phorcus turbinatus,0.43,0.11,0.54
Xwejni,05.06.21,17:15,Phorcus turbinatus,0.46,0.11,0.57
Xwejni,05.06.21,17:15,Phorcus turbinatus,0.04,0.11,0.15
Xwejni,05.06.21,17:15,Phorcus turbinatus,0.04,0.11,0.15
Xwejni,05.06.21,17:15,Phorcus turbinatus,0.04,0.11,0.15
Xwejni,05.06.21,17:15,Phorcus turbinatus,0.02,0.11,0.13
Xwejni,05.06.21,17:15,Phorcus turbinatus,0.08,0.11,0.19
Xwejni,05.06.21,17:15,Phorcus turbinatus,0.16,0.11,0.27
Xwejni,05.06.21,17:15,Phorcus turbinatus,0.05,0.11,0.16
Xwejni,06.06.21,16:30,Phorcus turbinatus,0,0.16,0.16
Xwejni,06.06.21,16:30,Phorcus turbinatus,-0.04,0.16,0.12
Xwejni,06.06.21,16:30,Phorcus turbinatus,-0.04,0.16,0.12
Xwejni,06.06.21,16:30,Phorcus turbinatus,0,0.16,0.16
Xwejni,06.06.21,16:30,Phorcus turbinatus,0.04,0.16,0.2
Xwejni,06.06.21,16:30,Phorcus turbinatus,0.04,0.16,0.2
Xwejni,06.06.21,16:30,Phorcus turbinatus,0.04,0.16,0.2
Xwejni,06.06.21,16:30,Phorcus turbinatus,0.04,0.16,0.2
Xwejni,06.06.21,16:30,Phorcus turbinatus,0.04,0.16,0.2
Xwejni,06.06.21,16:30,Phorcus turbinatus,0.04,0.16,0.2
Xwejni,06.06.21,16:30,Phorcus turbinatus,0.05,0.16,0.21
Xwejni,06.06.21,16:30,Phorcus turbinatus,0.05,0.16,0.21
Xwejni,06.06.21,16:30,Phorcus turbinatus,0.05,0.16,0.21
Xwejni,06.06.21,16:30,Phorcus turbinatus,-0.01,0.16,0.15
Xwejni,06.06.21,16:30,Phorcus turbinatus,0.02,0.16,0.18
Xwejni,06.06.21,16:30,Phorcus turbinatus,0.02,0.16,0.18
Xwejni,06.06.21,16:30,Phorcus turbinatus,0.04,0.16,0.2
Xwejni,06.06.21,16:30,Phorcus turbinatus,0,0.16,0.16
Xwejni,06.06.21,16:30,Phorcus turbinatus,-0.04,0.16,0.12
Xwejni,06.06.21,16:30,Phorcus turbinatus,0.01,0.16,0.17
Xwejni,06.06.21,16:30,Phorcus turbinatus,0.02,0.16,0.18
Xwejni,06.06.21,16:30,Phorcus turbinatus,-0.07,0.16,0.09
Xwejni,06.06.21,16:30,Phorcus turbinatus,0.04,0.16,0.2
Xwejni,06.06.21,16:30,Phorcus turbinatus,0.01,0.16,0.17
Xwejni,06.06.21,16:30,Phorcus turbinatus,-0.04,0.16,0.12
Xwejni,06.06.21,16:30,Phorcus turbinatus,0.06,0.16,0.22
Xwejni,06.06.21,16:30,Phorcus turbinatus,0.03,0.16,0.19
Xwejni,06.06.21,16:30,Phorcus turbinatus,-0.02,0.16,0.14
Xwejni,06.06.21,16:30,Phorcus turbinatus,0.02,0.16,0.18
Xwejni,06.06.21,16:30,Phorcus turbinatus,0.02,0.16,0.18
Xwejni,06.06.21,16:30,Phorcus turbinatus,0.04,0.16,0.2
Xwejni,06.06.21,16:30,Phorcus turbinatus,-0.02,0.16,0.14
Xwejni,06.06.21,16:30,Phorcus turbinatus,0.03,0.16,0.19
Xwejni,06.06.21,16:30,Phorcus turbinatus,0,0.16,0.16
Xwejni,06.06.21,16:30,Phorcus turbinatus,0,0.16,0.16
Xwejni,06.06.21,16:30,Phorcus turbinatus,0,0.16,0.16
Xwejni,06.06.21,16:30,Phorcus turbinatus,0,0.16,0.16
Xwejni,06.06.21,16:30,Phorcus turbinatus,0,0.16,0.16
Xwejni,06.06.21,16:30,Phorcus turbinatus,0,0.16,0.16
Xwejni,06.06.21,16:30,Phorcus turbinatus,0,0.16,0.16
Xwejni,06.06.21,16:30,Phorcus turbinatus,0,0.16,0.16
Xwejni,06.06.21,16:30,Phorcus turbinatus,0,0.16,0.16
Dwejra,07.06.21,15:44,Thalassoma pavo,-0.2,0.22,0.02
Dwejra,07.06.21,15:44,Thalassoma pavo,-0.4,0.22,-0.18
Dwejra,07.06.21,15:44,Thalassoma pavo,-0.4,0.22,-0.18
Dwejra,07.06.21,15:44,Thalassoma pavo,-0.8,0.22,-0.58
Dwejra,07.06.21,15:44,Thalassoma pavo,-0.8,0.22,-0.58
Dwejra,07.06.21,15:44,Thalassoma pavo,-0.6,0.22,-0.38
Dwejra,07.06.21,15:44,Thalassoma pavo,-0.4,0.22,-0.18
Dwejra,07.06.21,15:44,Thalassoma pavo,-0.7,0.22,-0.48
Dwejra,07.06.21,15:44,Thalassoma pavo,-0.5,0.22,-0.28
Dwejra,07.06.21,15:44,Thalassoma pavo,-0.8,0.22,-0.58
Dwejra,07.06.21,15:44,Thalassoma pavo,-0.7,0.22,-0.48
Dwejra,07.06.21,15:44,Thalassoma pavo,-0.3,0.22,-0.08
Dwejra,07.06.21,15:44,Thalassoma pavo,-1.2,0.22,-0.98
Dwejra,07.06.21,15:44,Thalassoma pavo,-0.9,0.22,-0.68
Dwejra,07.06.21,15:44,Thalassoma pavo,-0.8,0.22,-0.58
Dwejra,07.06.21,15:44,Thalassoma pavo,-0.8,0.22,-0.58
Dwejra,07.06.21,15:44,Thalassoma pavo,-0.4,0.22,-0.18
Dwejra,07.06.21,15:44,Thalassoma pavo,-1.7,0.22,-1.48
Dwejra,07.06.21,15:44,Thalassoma pavo,-0.8,0.22,-0.58
Dwejra,07.06.21,15:44,Thalassoma pavo,-0.5,0.22,-0.28
Dwejra,07.06.21,15:44,Thalassoma pavo,-0.8,0.22,-0.58
Dwejra,07.06.21,15:44,Thalassoma pavo,-0.8,0.22,-0.58
Dwejra,07.06.21,15:44,Thalassoma pavo,-0.6,0.22,-0.38
Dwejra,07.06.21,15:44,Thalassoma pavo,-0.3,0.22,-0.08
Dwejra,07.06.21,15:44,Thalassoma pavo,-0.3,0.22,-0.08
Dwejra,07.06.21,15:44,Thalassoma pavo,-0.3,0.22,-0.08
Dwejra,07.06.21,15:44,Thalassoma pavo,-0.5,0.22,-0.28
Dwejra,07.06.21,15:44,Thalassoma pavo,-0.5,0.22,-0.28
Dwejra,07.06.21,15:44,Thalassoma pavo,-0.5,0.22,-0.28
Dwejra,07.06.21,15:44,Thalassoma pavo,-0.8,0.22,-0.58
Dwejra,07.06.21,15:44,Thalassoma pavo,-0.7,0.22,-0.48
Dwejra,07.06.21,15:44,Thalassoma pavo,-0.4,0.22,-0.18
Dwejra,07.06.21,15:44,Thalassoma pavo,-0.7,0.22,-0.48
Dwejra,07.06.21,15:44,Thalassoma pavo,-1,0.22,-0.78
Dwejra,07.06.21,15:44,Thalassoma pavo,-1,0.22,-0.78
Dwejra,07.06.21,15:44,Thalassoma pavo,-1.1,0.22,-0.88
Dwejra,07.06.21,15:44,Thalassoma pavo,-1.1,0.22,-0.88
Dwejra,07.06.21,15:44,Thalassoma pavo,-1.1,0.22,-0.88
Dwejra,07.06.21,15:44,Thalassoma pavo,-1.7,0.22,-1.48
Dwejra,07.06.21,15:44,Thalassoma pavo,-1.2,0.22,-0.98
Dwejra,07.06.21,15:44,Thalassoma pavo,-1.2,0.22,-0.98
Dwejra,07.06.21,15:44,Thalassoma pavo,-1.3,0.22,-1.08
Dwejra,07.06.21,15:44,Thalassoma pavo,-1.4,0.22,-1.18
Dwejra,07.06.21,15:44,Thalassoma pavo,-0.8,0.22,-0.58
Dwejra,07.06.21,15:44,Thalassoma pavo,-0.8,0.22,-0.58
Dwejra,07.06.21,15:44,Thalassoma pavo,-0.8,0.22,-0.58
Dwejra,07.06.21,15:44,Thalassoma pavo,-0.8,0.22,-0.58
Dwejra,07.06.21,15:44,Thalassoma pavo,-1.1,0.22,-0.88
Xwejni,09.06.21,16:12,Thalassoma pavo,-0.5,0.23,-0.27
Xwejni,09.06.21,16:12,Thalassoma pavo,-0.5,0.23,-0.27
Xwejni,09.06.21,16:12,Thalassoma pavo,-0.5,0.23,-0.27
Xwejni,09.06.21,16:12,Thalassoma pavo,-0.6,0.23,-0.37
Xwejni,09.06.21,16:12,Thalassoma pavo,-0.8,0.23,-0.57
Xwejni,09.06.21,16:12,Thalassoma pavo,-0.9,0.23,-0.67
Xwejni,09.06.21,16:12,Thalassoma pavo,-1.1,0.23,-0.87
Xwejni,09.06.21,16:12,Thalassoma pavo,-1.3,0.23,-1.07
Xwejni,09.06.21,16:12,Thalassoma pavo,-1,0.23,-0.77
Xwejni,09.06.21,16:12,Thalassoma pavo,-0.8,0.23,-0.57
Xwejni,09.06.21,16:12,Thalassoma pavo,-0.9,0.23,-0.67
Xwejni,09.06.21,16:12,Thalassoma pavo,-0.9,0.23,-0.67
Xwejni,09.06.21,16:12,Thalassoma pavo,-1,0.23,-0.77
Xwejni,09.06.21,16:12,Thalassoma pavo,-0.6,0.23,-0.37
Xwejni,09.06.21,16:12,Thalassoma pavo,-0.9,0.23,-0.67
Xwejni,09.06.21,16:12,Thalassoma pavo,-0.9,0.23,-0.67
Xwejni,09.06.21,16:12,Thalassoma pavo,-0.4,0.23,-0.17
Xwejni,09.06.21,16:12,Thalassoma pavo,-0.4,0.23,-0.17
Xwejni,09.06.21,16:12,Thalassoma pavo,-0.4,0.23,-0.17
Xwejni,09.06.21,16:12,Thalassoma pavo,-0.5,0.23,-0.27
Xwejni,09.06.21,16:12,Thalassoma pavo,-0.9,0.23,-0.67
Xwejni,09.06.21,16:12,Thalassoma pavo,-0.6,0.23,-0.37
Xwejni,09.06.21,16:12,Thalassoma pavo,-0.9,0.23,-0.67
Xwejni,09.06.21,16:12,Thalassoma pavo,-0.9,0.23,-0.67
Xwejni,09.06.21,16:12,Thalassoma pavo,-1.2,0.23,-0.97
Xwejni,09.06.21,16:12,Thalassoma pavo,-1.2,0.23,-0.97
Xwejni,09.06.21,16:12,Thalassoma pavo,-1.2,0.23,-0.97
Xwejni,10.06.21,11:12,Hexaplex trunculus,-6.1,0.15,-5.95
Xwejni,10.06.21,11:12,Hexaplex trunculus,-6.1,0.15,-5.95
Xwejni,10.06.21,13:45,Hexaplex trunculus,-0.8,0.28,-0.52
Xwejni,10.06.21,12:20,Phorcus turbinatus,0.07,0.21,0.28
Xwejni,10.06.21,12:20,Phorcus turbinatus,0.17,0.21,0.38
Xwejni,10.06.21,12:20,Phorcus turbinatus,0.06,0.21,0.27
Xwejni,10.06.21,12:20,Phorcus turbinatus,0.14,0.21,0.35
Xwejni,10.06.21,12:20,Phorcus turbinatus,0.17,0.21,0.38
Xwejni,10.06.21,12:20,Phorcus turbinatus,0.3,0.21,0.51
Xwejni,10.06.21,12:20,Phorcus turbinatus,0.31,0.21,0.52
Xwejni,10.06.21,12:20,Phorcus turbinatus,0.03,0.21,0.24
Xwejni,10.06.21,12:20,Phorcus turbinatus,0.03,0.21,0.24
Xwejni,10.06.21,12:20,Phorcus turbinatus,0.04,0.21,0.25
Xwejni,10.06.21,12:20,Phorcus turbinatus,-0.04,0.21,0.17
Xwejni,10.06.21,12:20,Phorcus turbinatus,-0.04,0.21,0.17
Xwejni,10.06.21,12:20,Phorcus turbinatus,0.03,0.21,0.24
Xwejni,10.06.21,12:20,Phorcus turbinatus,-0.03,0.21,0.18
Xwejni,10.06.21,12:20,Phorcus turbinatus,0.06,0.21,0.27
Xwejni,10.06.21,12:20,Phorcus turbinatus,-0.02,0.21,0.19
Xwejni,10.06.21,12:20,Phorcus turbinatus,0.08,0.21,0.29
Xwejni,10.06.21,12:20,Phorcus turbinatus,-0.03,0.21,0.18
Xwejni,10.06.21,12:20,Phorcus turbinatus,0.1,0.21,0.31
Xwejni,10.06.21,12:20,Phorcus turbinatus,0.2,0.21,0.41
Xwejni,10.06.21,12:20,Phorcus turbinatus,-0.04,0.21,0.17
Xwejni,10.06.21,12:20,Phorcus turbinatus,-0.01,0.21,0.2
Xwejni,10.06.21,12:20,Phorcus turbinatus,-0.06,0.21,0.15
Xwejni,10.06.21,12:20,Phorcus turbinatus,0,0.21,0.21
Xwejni,10.06.21,12:20,Phorcus turbinatus,0.09,0.21,0.3
Xwejni,10.06.21,12:20,Phorcus turbinatus,0.03,0.21,0.24
Xwejni,10.06.21,12:20,Phorcus turbinatus,-0.07,0.21,0.14
Xwejni,10.06.21,12:20,Phorcus turbinatus,0,0.21,0.21
Xwejni,10.06.21,12:20,Phorcus turbinatus,0,0.21,0.21
Xwejni,10.06.21,12:20,Phorcus turbinatus,0,0.21,0.21
Xwejni,10.06.21,12:20,Phorcus turbinatus,0,0.21,0.21
Xwejni,10.06.21,12:20,Phorcus turbinatus,0,0.21,0.21
Xwejni,10.06.21,12:20,Phorcus turbinatus,0,0.21,0.21
Xwejni,10.06.21,12:20,Phorcus turbinatus,0.01,0.21,0.22
Xwejni,10.06.21,12:20,Phorcus turbinatus,0,0.21,0.21
Xwejni,10.06.21,12:20,Phorcus turbinatus,-0.07,0.21,0.14
Xwejni,10.06.21,13:45,Phorcus turbinatus,-0.1,0.28,0.18
Xwejni,10.06.21,13:45,Phorcus turbinatus,-0.1,0.28,0.18
Xwejni,10.06.21,13:45,Phorcus turbinatus,-0.1,0.28,0.18
Xwejni,10.06.21,13:45,Phorcus turbinatus,-0.15,0.28,0.13
Xwejni,10.06.21,13:45,Phorcus turbinatus,-0.14,0.28,0.14
Xwejni,10.06.21,13:45,Thalassoma pavo,-0.8,0.28,-0.52
Xwejni,10.06.21,13:45,Thalassoma pavo,-0.7,0.28,-0.42
Xwejni,10.06.21,13:45,Thalassoma pavo,-0.3,0.28,-0.02
Xwejni,10.06.21,13:45,Thalassoma pavo,-0.4,0.28,-0.12
Xwejni,10.06.21,13:45,Thalassoma pavo,-0.4,0.28,-0.12
Xwejni,10.06.21,13:45,Thalassoma pavo,-0.4,0.28,-0.12
Xwejni,10.06.21,13:45,Thalassoma pavo,-0.4,0.28,-0.12
Xwejni,10.06.21,13:45,Thalassoma pavo,-0.4,0.28,-0.12
Xwejni,10.06.21,13:45,Thalassoma pavo,-0.4,0.28,-0.12
Xwejni,10.06.21,13:45,Thalassoma pavo,-0.5,0.28,-0.22
Xwejni,10.06.21,13:45,Thalassoma pavo,-0.8,0.28,-0.52
Xwejni,10.06.21,13:45,Thalassoma pavo,-0.8,0.28,-0.52
Xwejni,10.06.21,13:45,Thalassoma pavo,-1.6,0.28,-1.32
Xwejni,10.06.21,13:45,Thalassoma pavo,-2.1,0.28,-1.82
Xwejni,10.06.21,13:45,Thalassoma pavo,-2.5,0.28,-2.22
Xwejni,10.06.21,13:45,Thalassoma pavo,-1.2,0.28,-0.92
Xwejni,10.06.21,13:45,Thalassoma pavo,-0.9,0.28,-0.62
Xwejni,10.06.21,13:45,Thalassoma pavo,-0.8,0.28,-0.52
Xwejni,10.06.21,13:45,Thalassoma pavo,-0.8,0.28,-0.52
Xwejni,10.06.21,13:45,Thalassoma pavo,-1.2,0.28,-0.92
Xwejni,10.06.21,13:45,Thalassoma pavo,-1.2,0.28,-0.92
Xwejni,10.06.21,13:45,Thalassoma pavo,-1,0.28,-0.72
Xwejni,10.06.21,13:45,Thalassoma pavo,-1.3,0.28,-1.02
Xwejni,10.06.21,13:45,Thalassoma pavo,-1.3,0.28,-1.02
Xwejni,10.06.21,13:45,Thalassoma pavo,-0.5,0.28,-0.22
Xwejni,10.06.21,13:45,Thalassoma pavo,-0.4,0.28,-0.12
Xwejni,10.06.21,13:45,Thalassoma pavo,-0.5,0.28,-0.22
Xwejni,10.06.21,13:45,Thalassoma pavo,-0.5,0.28,-0.22
Xwejni,10.06.21,13:45,Thalassoma pavo,-0.6,0.28,-0.32
Xwejni,10.06.21,13:45,Thalassoma pavo,-1.2,0.28,-0.92
Xwejni,10.06.21,13:45,Thalassoma pavo,-0.8,0.28,-0.52
Xwejni,10.06.21,13:45,Thalassoma pavo,-0.8,0.28,-0.52
Xwejni,10.06.21,13:45,Thalassoma pavo,-0.8,0.28,-0.52
Xwejni,10.06.21,13:45,Thalassoma pavo,-0.8,0.28,-0.52
Xwejni,10.06.21,13:45,Thalassoma pavo,-0.8,0.28,-0.52
Xwejni,10.06.21,13:45,Thalassoma pavo,-0.4,0.28,-0.12
Xwejni,10.06.21,13:45,Thalassoma pavo,-0.4,0.28,-0.12
Xwejni,10.06.21,13:45,Thalassoma pavo,-0.3,0.28,-0.02
Xwejni,10.06.21,13:45,Thalassoma pavo,-0.2,0.28,0.08
Xwejni,10.06.21,13:45,Thalassoma pavo,-0.2,0.28,0.08
Xwejni,10.06.21,13:45,Thalassoma pavo,-0.2,0.28,0.08
Xwejni,10.06.21,13:45,Thalassoma pavo,-0.3,0.28,-0.02
Xwejni,10.06.21,13:45,Thalassoma pavo,-0.2,0.28,0.08
Xwejni,10.06.21,13:45,Thalassoma pavo,-0.2,0.28,0.08
Xwejni,10.06.21,13:45,Thalassoma pavo,-0.2,0.28,0.08
Xwejni,10.06.21,13:45,Thalassoma pavo,-0.2,0.28,0.08
Xwejni,10.06.21,13:45,Thalassoma pavo,-0.2,0.28,0.08
Xwejni,10.06.21,13:45,Thalassoma pavo,-0.3,0.28,-0.02
Xwejni,10.06.21,13:45,Thalassoma pavo,-0.5,0.28,-0.22
Xwejni,10.06.21,13:45,Thalassoma pavo,-0.6,0.28,-0.32
Xwejni,10.06.21,13:45,Thalassoma pavo,-0.3,0.28,-0.02
Xwejni,10.06.21,13:45,Thalassoma pavo,-0.1,0.28,0.18
Xwejni,10.06.21,13:45,Thalassoma pavo,-0.2,0.28,0.08
Xwejni,10.06.21,13:45,Thalassoma pavo,-0.2,0.28,0.08
Xwejni,10.06.21,13:45,Thalassoma pavo,-0.9,0.28,-0.62
Xwejni,10.06.21,13:45,Thalassoma pavo,-0.9,0.28,-0.62
Xwejni,10.06.21,13:45,Thalassoma pavo,-0.6,0.28,-0.32
Xwejni,10.06.21,13:45,Thalassoma pavo,-0.8,0.28,-0.52
Xwejni,10.06.21,13:45,Thalassoma pavo,-0.4,0.28,-0.12
Xwejni,10.06.21,13:45,Thalassoma pavo,-0.3,0.28,-0.02
Xwejni,10.06.21,13:45,Thalassoma pavo,-0.3,0.28,-0.02
Xwejni,10.06.21,13:45,Thalassoma pavo,-0.3,0.28,-0.02
Xwejni,10.06.21,13:45,Thalassoma pavo,-0.3,0.28,-0.02
Xwejni,10.06.21,13:45,Thalassoma pavo,-0.9,0.28,-0.62
Xwejni,10.06.21,13:45,Thalassoma pavo,-0.9,0.28,-0.62
Xwejni,10.06.21,13:45,Thalassoma pavo,-0.9,0.28,-0.62
Xwejni,10.06.21,13:45,Thalassoma pavo,-0.9,0.28,-0.62
Xwejni,10.06.21,13:45,Thalassoma pavo,-0.5,0.28,-0.22
Xwejni,10.06.21,13:45,Thalassoma pavo,-0.5,0.28,-0.22
Xwejni,10.06.21,13:45,Thalassoma pavo,-0.5,0.28,-0.22
Xwejni,10.06.21,13:45,Thalassoma pavo,-2.4,0.28,-2.12
Xwejni,10.06.21,13:45,Thalassoma pavo,-3.3,0.28,-3.02
Dwejra,10.06.21,16:29,Thalassoma pavo,-1.1,0.23,-0.87
Dwejra,10.06.21,16:29,Thalassoma pavo,-1.1,0.23,-0.87
Dwejra,10.06.21,16:29,Thalassoma pavo,-1.2,0.23,-0.97
Dwejra,10.06.21,16:29,Thalassoma pavo,-1.2,0.23,-0.97
Dwejra,10.06.21,16:29,Thalassoma pavo,-0.1,0.23,0.13
Dwejra,10.06.21,16:29,Thalassoma pavo,-0.7,0.23,-0.47
Dwejra,10.06.21,16:29,Thalassoma pavo,-0.6,0.23,-0.37
Dwejra,10.06.21,16:29,Thalassoma pavo,-0.2,0.23,0.03
Dwejra,10.06.21,16:29,Thalassoma pavo,-0.3,0.23,-0.07
Dwejra,10.06.21,16:29,Thalassoma pavo,-0.4,0.23,-0.17
Dwejra,10.06.21,16:29,Thalassoma pavo,-0.4,0.23,-0.17
Dwejra,10.06.21,16:29,Thalassoma pavo,-0.5,0.23,-0.27
Dwejra,10.06.21,16:29,Thalassoma pavo,-0.5,0.23,-0.27
Dwejra,10.06.21,16:29,Thalassoma pavo,-0.5,0.23,-0.27
Dwejra,10.06.21,16:29,Thalassoma pavo,-0.4,0.23,-0.17
Dwejra,10.06.21,16:29,Thalassoma pavo,-0.7,0.23,-0.47
Dwejra,10.06.21,16:29,Thalassoma pavo,-0.8,0.23,-0.57
Dwejra,10.06.21,16:29,Thalassoma pavo,-0.8,0.23,-0.57
Dwejra,10.06.21,16:29,Thalassoma pavo,-0.7,0.23,-0.47
Dwejra,10.06.21,16:29,Thalassoma pavo,-0.9,0.23,-0.67
Dwejra,10.06.21,16:29,Thalassoma pavo,-0.3,0.23,-0.07
Dwejra,10.06.21,16:29,Thalassoma pavo,-1,0.23,-0.77
Dwejra,10.06.21,16:29,Thalassoma pavo,-1.3,0.23,-1.07
Dwejra,12.06.21,10:30,Phorcus turbinatus,0.35,0.06,0.41
Dwejra,12.06.21,10:30,Phorcus turbinatus,0.11,0.06,0.17
Dwejra,12.06.21,10:30,Phorcus turbinatus,0.13,0.06,0.19
Dwejra,12.06.21,10:30,Phorcus turbinatus,0.14,0.06,0.2
Dwejra,12.06.21,10:30,Phorcus turbinatus,0.19,0.06,0.25
Dwejra,12.06.21,10:30,Phorcus turbinatus,0,0.06,0.06
Dwejra,12.06.21,10:30,Phorcus turbinatus,0,0.06,0.06
Dwejra,12.06.21,10:30,Phorcus turbinatus,0,0.06,0.06
Dwejra,12.06.21,10:30,Phorcus turbinatus,0.2,0.06,0.26
Dwejra,12.06.21,10:30,Phorcus turbinatus,0.15,0.06,0.21
Dwejra,12.06.21,10:30,Phorcus turbinatus,0.16,0.06,0.22
Dwejra,12.06.21,10:30,Phorcus turbinatus,0.16,0.06,0.22
Dwejra,12.06.21,10:30,Phorcus turbinatus,0.07,0.06,0.13
Dwejra,12.06.21,10:30,Phorcus turbinatus,0,0.06,0.06
Dwejra,12.06.21,10:30,Phorcus turbinatus,0.1,0.06,0.16
Dwejra,12.06.21,10:30,Phorcus turbinatus,0.15,0.06,0.21
Dwejra,12.06.21,10:30,Phorcus turbinatus,0.22,0.06,0.28
Dwejra,12.06.21,10:30,Phorcus turbinatus,0.23,0.06,0.29
Dwejra,12.06.21,10:30,Phorcus turbinatus,0.21,0.06,0.27
Dwejra,12.06.21,10:30,Phorcus turbinatus,0.21,0.06,0.27
Dwejra,12.06.21,10:30,Phorcus turbinatus,0.18,0.06,0.24
Dwejra,12.06.21,10:30,Phorcus turbinatus,0.18,0.06,0.24
Dwejra,12.06.21,10:30,Phorcus turbinatus,0.18,0.06,0.24
Dwejra,12.06.21,10:30,Phorcus turbinatus,0.16,0.06,0.22
Dwejra,12.06.21,10:30,Phorcus turbinatus,0.16,0.06,0.22
Dwejra,12.06.21,10:30,Phorcus turbinatus,0.16,0.06,0.22
Dwejra,12.06.21,10:30,Phorcus turbinatus,0.17,0.06,0.23
Dwejra,12.06.21,10:30,Phorcus turbinatus,0.24,0.06,0.3
Dwejra,12.06.21,10:30,Phorcus turbinatus,0.21,0.06,0.27
Dwejra,12.06.21,10:30,Phorcus turbinatus,0.1,0.06,0.16
Dwejra,12.06.21,10:30,Phorcus turbinatus,0.14,0.06,0.2
Dwejra,12.06.21,10:30,Phorcus turbinatus,0.16,0.06,0.22
Dwejra,12.06.21,10:30,Phorcus turbinatus,0.17,0.06,0.23
Dwejra,12.06.21,10:30,Phorcus turbinatus,0.26,0.06,0.32
Dwejra,12.06.21,10:30,Phorcus turbinatus,0.19,0.06,0.25
Xwejni,12.06.21,16:40,Hexaplex trunculus,-1.4,0.24,-1.16
Dwejra,15.06.21,14:20,Hexaplex trunculus,-4.3,0.14,-4.16
Dwejra,15.06.21,12:10,Phorcus turbinatus,0.32,0.08,0.4
Dwejra,15.06.21,12:10,Phorcus turbinatus,0.18,0.08,0.26
Dwejra,15.06.21,12:10,Phorcus turbinatus,0.22,0.08,0.3
Dwejra,15.06.21,12:10,Phorcus turbinatus,0.2,0.08,0.28
Dwejra,15.06.21,12:10,Phorcus turbinatus,0.26,0.08,0.34
Dwejra,15.06.21,12:10,Phorcus turbinatus,0.27,0.08,0.35
Dwejra,15.06.21,12:10,Phorcus turbinatus,0.29,0.08,0.37
Dwejra,15.06.21,12:10,Phorcus turbinatus,0.2,0.08,0.28
Dwejra,15.06.21,12:10,Phorcus turbinatus,0.23,0.08,0.31
Dwejra,15.06.21,12:10,Phorcus turbinatus,0.15,0.08,0.23
Dwejra,15.06.21,12:10,Phorcus turbinatus,0,0.08,0.08
Dwejra,15.06.21,12:10,Phorcus turbinatus,0.07,0.08,0.15
Dwejra,15.06.21,12:10,Phorcus turbinatus,0.07,0.08,0.15
Dwejra,15.06.21,12:10,Phorcus turbinatus,0,0.08,0.08
Dwejra,15.06.21,12:10,Phorcus turbinatus,0,0.08,0.08
Dwejra,15.06.21,12:10,Phorcus turbinatus,0,0.08,0.08
Dwejra,15.06.21,12:10,Phorcus turbinatus,0.08,0.08,0.16
Dwejra,15.06.21,12:10,Phorcus turbinatus,0.1,0.08,0.18
Dwejra,15.06.21,12:10,Phorcus turbinatus,0.1,0.08,0.18
Dwejra,15.06.21,12:10,Phorcus turbinatus,0.13,0.08,0.21
Dwejra,15.06.21,12:10,Phorcus turbinatus,0.13,0.08,0.21
Dwejra,15.06.21,12:10,Phorcus turbinatus,0.08,0.08,0.16
Dwejra,15.06.21,12:10,Phorcus turbinatus,0.08,0.08,0.16
Dwejra,15.06.21,12:10,Phorcus turbinatus,0.07,0.08,0.15
Dwejra,15.06.21,12:10,Phorcus turbinatus,0.07,0.08,0.15
Dwejra,15.06.21,12:10,Phorcus turbinatus,0,0.08,0.08
Dwejra,15.06.21,12:10,Phorcus turbinatus,0,0.08,0.08
Dwejra,15.06.21,12:10,Phorcus turbinatus,0,0.08,0.08
Dwejra,15.06.21,12:10,Phorcus turbinatus,0.27,0.08,0.35
Dwejra,15.06.21,12:10,Phorcus turbinatus,0.13,0.08,0.21
Dwejra,15.06.21,12:10,Phorcus turbinatus,0.12,0.08,0.2
Dwejra,15.06.21,12:10,Phorcus turbinatus,0.11,0.08,0.19
Dwejra,15.06.21,12:10,Phorcus turbinatus,0.11,0.08,0.19
Dwejra,15.06.21,12:10,Phorcus turbinatus,0.1,0.08,0.18
Dwejra,15.06.21,12:10,Phorcus turbinatus,0.11,0.08,0.19
Dwejra,15.06.21,12:10,Phorcus turbinatus,0.16,0.08,0.24
Dwejra,15.06.21,12:10,Phorcus turbinatus,0.14,0.08,0.22
Dwejra,15.06.21,12:10,Phorcus turbinatus,0,0.08,0.08
Dwejra,15.06.21,12:10,Phorcus turbinatus,0.03,0.08,0.11
Dwejra,15.06.21,12:10,Phorcus turbinatus,0.03,0.08,0.11
Dwejra,15.06.21,12:10,Phorcus turbinatus,0.13,0.08,0.21
Dwejra,15.06.21,12:10,Phorcus turbinatus,0.15,0.08,0.23
Dwejra,15.06.21,12:10,Phorcus turbinatus,0.2,0.08,0.28
Dwejra,15.06.21,12:10,Phorcus turbinatus,0.09,0.08,0.17
Dwejra,15.06.21,12:10,Phorcus turbinatus,0.07,0.08,0.15
Dwejra,15.06.21,12:10,Phorcus turbinatus,0.15,0.08,0.23
Dwejra,15.06.21,12:10,Phorcus turbinatus,0.12,0.08,0.2
Dwejra,15.06.21,12:10,Phorcus turbinatus,0.1,0.08,0.18
Dwejra,31.05.21,10:20,Stramonita haemastoma,0,0.12,0.12
Ras,02.06.21,13:20,Stramonita haemastoma,-0.1,0.16,0.06
Ras,02.06.21,13:20,Stramonita haemastoma,0.15,0.16,0.31
Ras,02.06.21,13:20,Stramonita haemastoma,-0.08,0.16,0.08
Ras,02.06.21,13:20,Stramonita haemastoma,0.05,0.16,0.21
Ras,02.06.21,13:20,Stramonita haemastoma,0.06,0.16,0.22
Ras,02.06.21,13:20,Stramonita haemastoma,0.05,0.16,0.21
Ras,02.06.21,13:20,Stramonita haemastoma,0.12,0.16,0.28
Ras,02.06.21,13:20,Stramonita haemastoma,0.05,0.16,0.21
Ras,02.06.21,13:20,Stramonita haemastoma,0.05,0.16,0.21
Ras,02.06.21,13:20,Stramonita haemastoma,0.02,0.16,0.18
Ras,02.06.21,16:00,Stramonita haemastoma,0.22,0.14,0.36
Ras,17.06.21,12:30,Phorcus turbinatus,0.27,0.1,0.37
Ras,17.06.21,12:30,Phorcus turbinatus,0.24,0.1,0.34
Ras,17.06.21,12:30,Phorcus turbinatus,0.27,0.1,0.37
Ras,17.06.21,12:30,Phorcus turbinatus,0.3,0.1,0.4
Ras,17.06.21,12:30,Phorcus turbinatus,0.35,0.1,0.45
Ras,17.06.21,12:30,Phorcus turbinatus,0.36,0.1,0.46
Ras,17.06.21,12:30,Phorcus turbinatus,0.37,0.1,0.47
Ras,17.06.21,12:30,Phorcus turbinatus,0.39,0.1,0.49
Ras,17.06.21,12:30,Phorcus turbinatus,0.23,0.1,0.33
Ras,17.06.21,12:30,Phorcus turbinatus,0.25,0.1,0.35
Ras,17.06.21,12:30,Phorcus turbinatus,0.26,0.1,0.36
Ras,17.06.21,12:30,Phorcus turbinatus,0.31,0.1,0.41
Ras,17.06.21,12:30,Phorcus turbinatus,0.32,0.1,0.42
Ras,17.06.21,12:30,Phorcus turbinatus,0.34,0.1,0.44
Ras,17.06.21,12:30,Phorcus turbinatus,0.35,0.1,0.45
Ras,17.06.21,12:30,Phorcus turbinatus,0.32,0.1,0.42
Ras,17.06.21,12:30,Phorcus turbinatus,0.3,0.1,0.4
Ras,17.06.21,12:30,Phorcus turbinatus,0.3,0.1,0.4
Ras,17.06.21,12:30,Phorcus turbinatus,0.25,0.1,0.35
Ras,17.06.21,12:30,Phorcus turbinatus,0.26,0.1,0.36
Ras,17.06.21,12:30,Phorcus turbinatus,0.22,0.1,0.32
Ras,17.06.21,12:30,Phorcus turbinatus,0.27,0.1,0.37
Ras,17.06.21,12:30,Phorcus turbinatus,0.24,0.1,0.34
Ras,17.06.21,12:30,Phorcus turbinatus,0.24,0.1,0.34
Ras,17.06.21,12:30,Phorcus turbinatus,0.07,0.1,0.17
Ras,17.06.21,12:30,Phorcus turbinatus,0.15,0.1,0.25
Ras,17.06.21,12:30,Phorcus turbinatus,0.13,0.1,0.23
Ras,17.06.21,12:30,Phorcus turbinatus,0.11,0.1,0.21
Ras,17.06.21,12:30,Phorcus turbinatus,0.16,0.1,0.26
Ras,17.06.21,12:30,Phorcus turbinatus,0.13,0.1,0.23
Ras,17.06.21,12:30,Phorcus turbinatus,-0.03,0.1,0.07
Ras,17.06.21,12:30,Phorcus turbinatus,-0.06,0.1,0.04
Ras,17.06.21,12:30,Phorcus turbinatus,-0.05,0.1,0.05
Ras,17.06.21,12:30,Phorcus turbinatus,-0.03,0.1,0.07
Ras,17.06.21,12:30,Stramonita haemastoma,0.12,0.1,0.22
Ras,17.06.21,12:30,Stramonita haemastoma,0.13,0.1,0.23
Ras,17.06.21,12:30,Stramonita haemastoma,0.1,0.1,0.2
Ras,17.06.21,12:30,Stramonita haemastoma,0.08,0.1,0.18
Ras,17.06.21,12:30,Stramonita haemastoma,0.15,0.1,0.25
Ras,17.06.21,12:30,Stramonita haemastoma,0.12,0.1,0.22
Ras,17.06.21,12:30,Stramonita haemastoma,0.08,0.1,0.18
Ras,17.06.21,12:30,Stramonita haemastoma,0.04,0.1,0.14
Ras,17.06.21,12:30,Stramonita haemastoma,0.14,0.1,0.24
Ras,17.06.21,12:30,Stramonita haemastoma,0.1,0.1,0.2
Ras,17.06.21,12:30,Stramonita haemastoma,0.1,0.1,0.2
Ras,17.06.21,12:30,Stramonita haemastoma,0.12,0.1,0.22
Ras,17.06.21,12:30,Stramonita haemastoma,0.08,0.1,0.18
Ras,17.06.21,12:30,Stramonita haemastoma,0.06,0.1,0.16
Ras,17.06.21,12:30,Stramonita haemastoma,0.17,0.1,0.27
Ras,17.06.21,12:30,Stramonita haemastoma,0.15,0.1,0.25
Ras,17.06.21,12:30,Stramonita haemastoma,0.15,0.1,0.25
Ras,17.06.21,12:30,Stramonita haemastoma,0.14,0.1,0.24
Ras,17.06.21,12:30,Stramonita haemastoma,0.04,0.1,0.14
Ras,17.06.21,12:30,Stramonita haemastoma,0.07,0.1,0.17
Ras,17.06.21,12:30,Stramonita haemastoma,0.06,0.1,0.16
Ras,17.06.21,12:30,Stramonita haemastoma,0.1,0.1,0.2
Ras,17.06.21,12:30,Stramonita haemastoma,0.18,0.1,0.28
Ras,17.06.21,12:30,Stramonita haemastoma,0.13,0.1,0.23
Ras,17.06.21,12:30,Stramonita haemastoma,0.14,0.1,0.24
Ras,17.06.21,12:30,Stramonita haemastoma,0.17,0.1,0.27
Ras,17.06.21,12:30,Stramonita haemastoma,0.17,0.1,0.27
Ras,17.06.21,12:30,Stramonita haemastoma,0.17,0.1,0.27
Ras,17.06.21,12:30,Stramonita haemastoma,0.12,0.1,0.22
Ras,17.06.21,12:30,Stramonita haemastoma,0.29,0.1,0.39
Ras,17.06.21,12:30,Stramonita haemastoma,-0.05,0.1,0.05
Ras,17.06.21,12:30,Stramonita haemastoma,0,0.1,0.1
Ras,17.06.21,12:30,Stramonita haemastoma,0.02,0.1,0.12
Ras,17.06.21,12:30,Stramonita haemastoma,0,0.1,0.1
Ras,17.06.21,12:30,Stramonita haemastoma,-0.05,0.1,0.05
Ras,17.06.21,12:30,Stramonita haemastoma,-0.02,0.1,0.08
Ras,17.06.21,12:30,Stramonita haemastoma,0,0.1,0.1
Ras,17.06.21,12:30,Stramonita haemastoma,0.04,0.1,0.14
Ras,17.06.21,12:30,Stramonita haemastoma,0,0.1,0.1
Ras,17.06.21,12:30,Stramonita haemastoma,-0.06,0.1,0.04
Ras,17.06.21,12:30,Stramonita haemastoma,0,0.1,0.1
Ras,17.06.21,12:30,Stramonita haemastoma,0,0.1,0.1
Ras,17.06.21,12:30,Stramonita haemastoma,0.11,0.1,0.21
Ras,17.06.21,12:30,Stramonita haemastoma,0.15,0.1,0.25
Ras,17.06.21,12:30,Stramonita haemastoma,0.13,0.1,0.23
Ras,17.06.21,12:30,Stramonita haemastoma,0.17,0.1,0.27
Ras,17.06.21,12:30,Stramonita haemastoma,0.17,0.1,0.27
Ras,17.06.21,12:30,Stramonita haemastoma,-0.1,0.1,0
Ras,17.06.21,12:30,Stramonita haemastoma,0.2,0.1,0.3
Ras,17.06.21,12:30,Stramonita haemastoma,0.2,0.1,0.3
Ras,17.06.21,12:30,Stramonita haemastoma,0.2,0.1,0.3
Ras,17.06.21,12:46,Stramonita haemastoma,-0.6,0.1,-0.5
Ras,17.06.21,12:46,Stramonita haemastoma,-0.5,0.1,-0.4
Ras,17.06.21,12:46,Stramonita haemastoma,-0.5,0.1,-0.4
Ras,17.06.21,12:46,Stramonita haemastoma,-0.5,0.1,-0.4
Ras,17.06.21,12:46,Stramonita haemastoma,-0.5,0.1,-0.4
Ras,17.06.21,12:46,Stramonita haemastoma,-0.5,0.1,-0.4
Ras,17.06.21,12:46,Stramonita haemastoma,-0.5,0.1,-0.4
Ras,17.06.21,12:46,Stramonita haemastoma,-0.5,0.1,-0.4
Ras,17.06.21,12:46,Stramonita haemastoma,-0.5,0.1,-0.4
Ras,17.06.21,12:46,Stramonita haemastoma,-0.5,0.1,-0.4
Ras,17.06.21,12:46,Stramonita haemastoma,-0.5,0.1,-0.4
Ras,17.06.21,12:46,Stramonita haemastoma,-0.5,0.1,-0.4
Ras,17.06.21,12:46,Stramonita haemastoma,-0.4,0.1,-0.3
Ras,17.06.21,12:46,Stramonita haemastoma,-0.4,0.1,-0.3
Ras,17.06.21,12:46,Stramonita haemastoma,-0.3,0.1,-0.2
Ras,17.06.21,12:46,Stramonita haemastoma,-0.5,0.1,-0.4
Ras,17.06.21,12:46,Stramonita haemastoma,-0.5,0.1,-0.4
Ras,17.06.21,12:46,Stramonita haemastoma,-0.5,0.1,-0.4
Ras,17.06.21,12:46,Stramonita haemastoma,-0.5,0.1,-0.4
Ras,17.06.21,12:46,Stramonita haemastoma,-0.5,0.1,-0.4
Ras,17.06.21,12:46,Stramonita haemastoma,-0.5,0.1,-0.4
Ras,17.06.21,12:46,Stramonita haemastoma,-0.5,0.1,-0.4
Ras,17.06.21,12:46,Stramonita haemastoma,-0.5,0.1,-0.4
Ras,17.06.21,12:46,Stramonita haemastoma,-0.5,0.1,-0.4
Ras,17.06.21,12:46,Stramonita haemastoma,-0.5,0.1,-0.4
Ras,17.06.21,12:46,Stramonita haemastoma,-0.7,0.1,-0.6
Ras,17.06.21,12:46,Stramonita haemastoma,-0.7,0.1,-0.6
Ras,17.06.21,12:46,Stramonita haemastoma,-0.4,0.1,-0.3
Ras,17.06.21,12:46,Stramonita haemastoma,-0.3,0.1,-0.2
Ras,17.06.21,12:46,Stramonita haemastoma,-0.6,0.1,-0.5
Ras,17.06.21,12:46,Stramonita haemastoma,-0.3,0.1,-0.2
Ras,17.06.21,12:46,Stramonita haemastoma,-0.3,0.1,-0.2
Ras,17.06.21,12:46,Stramonita haemastoma,-0.3,0.1,-0.2
Ras,17.06.21,12:46,Stramonita haemastoma,-0.3,0.1,-0.2
Ras,17.06.21,12:46,Stramonita haemastoma,-0.1,0.1,0
Ras,17.06.21,12:46,Stramonita haemastoma,-0.1,0.1,0
Ras,17.06.21,12:46,Stramonita haemastoma,-0.1,0.1,0
Ras,17.06.21,12:46,Stramonita haemastoma,-0.1,0.1,0
Ras,17.06.21,12:46,Stramonita haemastoma,-0.4,0.1,-0.3
Ras,17.06.21,12:46,Hexaplex trunculus,-0.7,0.1,-0.6
Ras,17.06.21,12:46,Thalassoma pavo,-0.7,0.1,-0.6
Ras,17.06.21,12:46,Thalassoma pavo,-0.7,0.1,-0.6
Ras,17.06.21,12:46,Thalassoma pavo,-0.7,0.1,-0.6
Ras,17.06.21,12:46,Thalassoma pavo,-0.7,0.1,-0.6
Ras,17.06.21,12:46,Thalassoma pavo,-0.7,0.1,-0.6
Ras,17.06.21,12:46,Thalassoma pavo,-0.7,0.1,-0.6
Ras,17.06.21,12:46,Thalassoma pavo,-0.7,0.1,-0.6
Ras,17.06.21,12:46,Thalassoma pavo,-0.7,0.1,-0.6
Ras,17.06.21,12:46,Thalassoma pavo,-0.9,0.1,-0.8
Ras,17.06.21,12:46,Thalassoma pavo,-1.2,0.1,-1.1
Ras,17.06.21,12:46,Thalassoma pavo,-1.6,0.1,-1.5
Ras,17.06.21,12:46,Thalassoma pavo,-1,0.1,-0.9
Ras,17.06.21,12:46,Thalassoma pavo,-1,0.1,-0.9
Ras,17.06.21,12:46,Thalassoma pavo,-0.8,0.1,-0.7
Ras,17.06.21,12:46,Thalassoma pavo,-0.7,0.1,-0.6
Ras,17.06.21,12:46,Thalassoma pavo,-0.4,0.1,-0.3
Ras,17.06.21,12:46,Thalassoma pavo,-0.4,0.1,-0.3
Ras,17.06.21,12:46,Thalassoma pavo,-0.4,0.1,-0.3
Ras,17.06.21,12:46,Thalassoma pavo,-0.4,0.1,-0.3
Ras,17.06.21,12:46,Thalassoma pavo,-0.4,0.1,-0.3
Ras,17.06.21,12:46,Thalassoma pavo,-0.3,0.1,-0.2
Ras,17.06.21,12:46,Thalassoma pavo,-0.2,0.1,-0.1
Ras,17.06.21,12:46,Thalassoma pavo,-0.2,0.1,-0.1
Ras,17.06.21,12:46,Thalassoma pavo,-0.6,0.1,-0.5
Ras,17.06.21,12:46,Thalassoma pavo,-0.2,0.1,-0.1
Ras,17.06.21,12:46,Thalassoma pavo,-0.2,0.1,-0.1
Ras,17.06.21,12:46,Thalassoma pavo,-0.3,0.1,-0.2
Ras,17.06.21,12:46,Thalassoma pavo,-1.2,0.1,-1.1
Ras,17.06.21,12:46,Thalassoma pavo,-1.5,0.1,-1.4
Ras,17.06.21,12:46,Thalassoma pavo,-1.5,0.1,-1.4
Ras,17.06.21,12:46,Thalassoma pavo,-0.7,0.1,-0.6
Ras,17.06.21,12:46,Thalassoma pavo,-0.7,0.1,-0.6
Ras,17.06.21,12:46,Thalassoma pavo,-0.7,0.1,-0.6
Ras,17.06.21,12:46,Thalassoma pavo,-0.7,0.1,-0.6
Ras,17.06.21,12:46,Thalassoma pavo,-0.7,0.1,-0.6
Ras,17.06.21,12:46,Thalassoma pavo,-0.8,0.1,-0.7
Ras,17.06.21,12:46,Thalassoma pavo,-0.8,0.1,-0.7
Ras,17.06.21,12:46,Thalassoma pavo,-0.8,0.1,-0.7
Ras,17.06.21,12:46,Thalassoma pavo,-0.8,0.1,-0.7
Ras,17.06.21,12:46,Thalassoma pavo,-1.8,0.1,-1.7
Ras,17.06.21,12:46,Thalassoma pavo,-2,0.1,-1.9
Ras,17.06.21,12:46,Thalassoma pavo,-1.9,0.1,-1.8
Ras,17.06.21,12:46,Thalassoma pavo,-1.9,0.1,-1.8
Ras,17.06.21,12:46,Thalassoma pavo,-1.4,0.1,-1.3
Ras,18.06.21,10:20,Stramonita haemastoma,0.03,0.18,0.21
Ras,18.06.21,10:20,Stramonita haemastoma,0.03,0.18,0.21
Ras,18.06.21,10:20,Stramonita haemastoma,0.03,0.18,0.21
Ras,18.06.21,10:20,Stramonita haemastoma,0.03,0.18,0.21
Ras,18.06.21,10:20,Stramonita haemastoma,0.1,0.18,0.28
Ras,18.06.21,10:20,Stramonita haemastoma,0.1,0.18,0.28
Ras,18.06.21,10:20,Stramonita haemastoma,0,0.18,0.18
Ras,18.06.21,10:20,Stramonita haemastoma,0,0.18,0.18
Ras,18.06.21,10:20,Stramonita haemastoma,0.14,0.18,0.32
Ras,18.06.21,10:20,Stramonita haemastoma,0.04,0.18,0.22
Ras,18.06.21,10:20,Stramonita haemastoma,0.03,0.18,0.21
Ras,18.06.21,10:20,Stramonita haemastoma,0.15,0.18,0.33
Ras,18.06.21,10:20,Stramonita haemastoma,-0.07,0.18,0.11
Ras,18.06.21,10:20,Stramonita haemastoma,-0.07,0.18,0.11
Ras,18.06.21,10:20,Stramonita haemastoma,0,0.18,0.18
Ras,18.06.21,10:20,Stramonita haemastoma,0.13,0.18,0.31
Ras,18.06.21,10:20,Stramonita haemastoma,0.11,0.18,0.29
Ras,18.06.21,10:20,Stramonita haemastoma,0.13,0.18,0.31
Ras,18.06.21,10:20,Stramonita haemastoma,0.1,0.18,0.28
Ras,18.06.21,10:20,Stramonita haemastoma,0.06,0.18,0.24
Ras,18.06.21,10:20,Stramonita haemastoma,0.04,0.18,0.22
Ras,18.06.21,10:20,Stramonita haemastoma,0.04,0.18,0.22
Ras,18.06.21,10:20,Stramonita haemastoma,0.03,0.18,0.21
Ras,18.06.21,10:20,Stramonita haemastoma,0.05,0.18,0.23
Ras,19.06.21,11:15,Stramonita haemastoma,-0.43,0.2,-0.23
Ras,19.06.21,11:15,Stramonita haemastoma,-0.36,0.2,-0.16
Ras,19.06.21,11:15,Stramonita haemastoma,-0.27,0.2,-0.07
Ras,19.06.21,11:15,Stramonita haemastoma,-0.18,0.2,0.02
Ras,19.06.21,11:15,Stramonita haemastoma,-0.2,0.2,0
Ras,19.06.21,11:15,Stramonita haemastoma,-0.32,0.2,-0.12
Ras,19.06.21,11:15,Stramonita haemastoma,-0.42,0.2,-0.22
Ras,19.06.21,11:15,Stramonita haemastoma,-0.33,0.2,-0.13
Ras,19.06.21,11:15,Stramonita haemastoma,-0.3,0.2,-0.1
Ras,19.06.21,11:15,Stramonita haemastoma,-0.34,0.2,-0.14
Ras,19.06.21,11:15,Stramonita haemastoma,-0.15,0.2,0.05
Ras,19.06.21,11:15,Stramonita haemastoma,-0.06,0.2,0.14
Ras,19.06.21,11:15,Stramonita haemastoma,-0.4,0.2,-0.2
Ras,19.06.21,11:15,Stramonita haemastoma,-0.44,0.2,-0.24
Ras,19.06.21,11:15,Stramonita haemastoma,-0.43,0.2,-0.23
Ras,19.06.21,11:15,Stramonita haemastoma,-0.21,0.2,-0.01
Ras,19.06.21,11:15,Stramonita haemastoma,-0.31,0.2,-0.11
Ras,19.06.21,11:15,Stramonita haemastoma,-0.32,0.2,-0.12
Ras,19.06.21,11:15,Stramonita haemastoma,-0.33,0.2,-0.13
Ras,19.06.21,11:15,Stramonita haemastoma,-0.24,0.2,-0.04
Ras,19.06.21,11:15,Stramonita haemastoma,0,0.2,0.2
Ras,19.06.21,11:15,Stramonita haemastoma,0.06,0.2,0.26
Ras,19.06.21,11:15,Stramonita haemastoma,-0.04,0.2,0.16
Ras,19.06.21,11:15,Stramonita haemastoma,0.11,0.2,0.31
Ras,19.06.21,11:15,Stramonita haemastoma,0.22,0.2,0.42
Ras,19.06.21,11:15,Stramonita haemastoma,0.12,0.2,0.32
Ras,19.06.21,11:15,Stramonita haemastoma,0.06,0.2,0.26
Ras,19.06.21,11:15,Stramonita haemastoma,0,0.2,0.2
Ras,19.06.21,11:15,Stramonita haemastoma,0.09,0.2,0.29
Ras,19.06.21,11:15,Stramonita haemastoma,-0.17,0.2,0.03
Ras,19.06.21,11:15,Stramonita haemastoma,-0.24,0.2,-0.04
Ras,19.06.21,11:15,Stramonita haemastoma,-0.25,0.2,-0.05
Ras,19.06.21,11:15,Stramonita haemastoma,-0.27,0.2,-0.07
Ras,19.06.21,11:15,Stramonita haemastoma,-0.08,0.2,0.12
Ras,19.06.21,11:15,Stramonita haemastoma,0.1,0.2,0.3
Ras,19.06.21,11:15,Stramonita haemastoma,-0.05,0.2,0.15
Ras,19.06.21,11:15,Stramonita haemastoma,0,0.2,0.2
Ras,19.06.21,11:15,Stramonita haemastoma,0.12,0.2,0.32
Ras,19.06.21,11:15,Stramonita haemastoma,0.18,0.2,0.38
Ras,19.06.21,11:15,Stramonita haemastoma,0.21,0.2,0.41
Ras,19.06.21,11:15,Stramonita haemastoma,0.23,0.2,0.43
Ras,19.06.21,11:15,Stramonita haemastoma,-0.03,0.2,0.17
Ras,19.06.21,11:15,Stramonita haemastoma,0.15,0.2,0.35
Ras,19.06.21,11:15,Stramonita haemastoma,0.11,0.2,0.31
Ras,19.06.21,11:15,Stramonita haemastoma,0.11,0.2,0.31
Ras,19.06.21,11:15,Stramonita haemastoma,0,0.2,0.2
Ras,19.06.21,11:15,Stramonita haemastoma,0.05,0.2,0.25
Ras,19.06.21,11:15,Stramonita haemastoma,0.04,0.2,0.24
Ras,19.06.21,11:15,Stramonita haemastoma,0.1,0.2,0.3
Ras,19.06.21,11:15,Stramonita haemastoma,-0.1,0.2,0.1
Ras,19.06.21,11:15,Stramonita haemastoma,0,0.2,0.2
Ras,19.06.21,11:15,Stramonita haemastoma,0,0.2,0.2
Ras,19.06.21,11:15,Stramonita haemastoma,-0.17,0.2,0.03
Ras,19.06.21,11:15,Stramonita haemastoma,-0.2,0.2,0
Ras,19.06.21,11:15,Stramonita haemastoma,0.06,0.2,0.26
Ras,19.06.21,11:15,Stramonita haemastoma,0.06,0.2,0.26
Ras,19.06.21,11:15,Stramonita haemastoma,0.03,0.2,0.23
Ras,19.06.21,11:15,Stramonita haemastoma,0.03,0.2,0.23
Ras,19.06.21,11:15,Stramonita haemastoma,0.05,0.2,0.25
Ras,19.06.21,11:15,Stramonita haemastoma,0,0.2,0.2
Ras,19.06.21,11:15,Stramonita haemastoma,0.05,0.2,0.25
Ras,19.06.21,11:15,Stramonita haemastoma,-0.1,0.2,0.1
Ras,19.06.21,11:15,Stramonita haemastoma,-0.09,0.2,0.11
Ras,19.06.21,11:15,Stramonita haemastoma,-0.06,0.2,0.14
Ras,19.06.21,11:15,Stramonita haemastoma,-0.12,0.2,0.08
Ras,19.06.21,11:15,Stramonita haemastoma,0.04,0.2,0.24
Ras,19.06.21,11:15,Stramonita haemastoma,-0.05,0.2,0.15
Ras,19.06.21,11:15,Stramonita haemastoma,0.22,0.2,0.42
Ras,19.06.21,11:15,Stramonita haemastoma,0.15,0.2,0.35
Ras,19.06.21,11:15,Stramonita haemastoma,0.13,0.2,0.33
Ras,19.06.21,11:15,Stramonita haemastoma,0.24,0.2,0.44
Ras,19.06.21,11:15,Stramonita haemastoma,0.24,0.2,0.44
Ras,19.06.21,11:15,Stramonita haemastoma,-0.1,0.2,0.1
Ras,19.06.21,11:15,Stramonita haemastoma,0.09,0.2,0.29
Ras,19.06.21,11:15,Stramonita haemastoma,0.12,0.2,0.32
Ras,19.06.21,11:15,Stramonita haemastoma,0.16,0.2,0.36
Ras,19.06.21,11:15,Stramonita haemastoma,0.14,0.2,0.34
Ras,19.06.21,11:15,Stramonita haemastoma,0.15,0.2,0.35
Ras,19.06.21,11:15,Stramonita haemastoma,0.03,0.2,0.23
Ras,19.06.21,11:15,Stramonita haemastoma,0.01,0.2,0.21
Ras,19.06.21,11:15,Stramonita haemastoma,0.13,0.2,0.33
Ras,19.06.21,11:15,Stramonita haemastoma,0.13,0.2,0.33
Ras,19.06.21,11:15,Stramonita haemastoma,0.02,0.2,0.22
Ras,19.06.21,11:15,Stramonita haemastoma,0.18,0.2,0.38
Ras,19.06.21,11:15,Stramonita haemastoma,0.07,0.2,0.27
Ras,19.06.21,11:15,Stramonita haemastoma,-0.04,0.2,0.16
Ras,19.06.21,11:15,Stramonita haemastoma,-0.3,0.2,-0.1
Ras,19.06.21,11:15,Stramonita haemastoma,0,0.2,0.2
Ras,19.06.21,11:15,Stramonita haemastoma,-0.35,0.2,-0.15
Ras,19.06.21,11:15,Stramonita haemastoma,-0.43,0.2,-0.23
Ras,19.06.21,11:15,Stramonita haemastoma,-0.55,0.2,-0.35
Ras,19.06.21,11:15,Stramonita haemastoma,-0.76,0.2,-0.56
Ras,19.06.21,11:15,Stramonita haemastoma,-0.72,0.2,-0.52
Ras,19.06.21,11:15,Stramonita haemastoma,-0.46,0.2,-0.26
Ras,19.06.21,11:39,Thalassoma pavo,-0.5,0.19,-0.31
Ras,19.06.21,11:39,Thalassoma pavo,-0.5,0.19,-0.31
Ras,19.06.21,11:39,Thalassoma pavo,-1,0.19,-0.81
Ras,19.06.21,11:39,Thalassoma pavo,-1,0.19,-0.81
Ras,19.06.21,11:39,Thalassoma pavo,-1.4,0.19,-1.21
Ras,19.06.21,11:39,Thalassoma pavo,-1.4,0.19,-1.21
Ras,19.06.21,11:39,Thalassoma pavo,-0.5,0.19,-0.31
Ras,19.06.21,11:39,Thalassoma pavo,-0.5,0.19,-0.31
Ras,19.06.21,11:39,Thalassoma pavo,-0.5,0.19,-0.31
Ras,19.06.21,11:39,Thalassoma pavo,-0.6,0.19,-0.41
Ras,19.06.21,11:39,Thalassoma pavo,-0.2,0.19,-0.01
Ras,19.06.21,11:39,Thalassoma pavo,-0.3,0.19,-0.11
Ras,19.06.21,11:39,Thalassoma pavo,-0.3,0.19,-0.11
Ras,19.06.21,11:39,Thalassoma pavo,-0.7,0.19,-0.51
Ras,19.06.21,11:39,Thalassoma pavo,-0.8,0.19,-0.61
Ras,19.06.21,11:39,Thalassoma pavo,-0.8,0.19,-0.61
Ras,19.06.21,11:39,Thalassoma pavo,-0.6,0.19,-0.41
Ras,19.06.21,11:39,Thalassoma pavo,-0.6,0.19,-0.41
Ras,19.06.21,11:39,Thalassoma pavo,-0.6,0.19,-0.41
Ras,19.06.21,11:39,Thalassoma pavo,-0.6,0.19,-0.41
Ras,19.06.21,11:39,Thalassoma pavo,-0.9,0.19,-0.71
Ras,19.06.21,12:07,Hermodice carunculata,-2.6,0.19,-2.41
Ras,19.06.21,12:39,Thalassoma pavo,-0.2,0.17,-0.03
Ras,19.06.21,13:18,Hexaplex trunculus,-0.6,0.15,-0.45
Dwejra,21.06.21,09:45,Phorcus turbinatus,-0.02,0.18,0.16
Dwejra,21.06.21,09:45,Phorcus turbinatus,0,0.18,0.18
Dwejra,21.06.21,09:45,Phorcus turbinatus,0,0.18,0.18
Dwejra,21.06.21,09:45,Phorcus turbinatus,0.1,0.18,0.28
Dwejra,21.06.21,09:45,Phorcus turbinatus,0.1,0.18,0.28
Dwejra,21.06.21,09:45,Phorcus turbinatus,-0.02,0.18,0.16
Dwejra,21.06.21,09:45,Phorcus turbinatus,0.05,0.18,0.23
Dwejra,21.06.21,09:45,Phorcus turbinatus,0.07,0.18,0.25
Dwejra,21.06.21,09:45,Phorcus turbinatus,0.1,0.18,0.28
Dwejra,21.06.21,09:45,Phorcus turbinatus,0.05,0.18,0.23
Dwejra,21.06.21,09:45,Phorcus turbinatus,-0.03,0.18,0.15
Dwejra,21.06.21,09:45,Phorcus turbinatus,0.09,0.18,0.27
Dwejra,21.06.21,09:45,Phorcus turbinatus,0.13,0.18,0.31
Dwejra,21.06.21,09:45,Phorcus turbinatus,0.15,0.18,0.33
Dwejra,21.06.21,09:45,Phorcus turbinatus,0.19,0.18,0.37
Dwejra,21.06.21,09:45,Phorcus turbinatus,0.17,0.18,0.35
Dwejra,21.06.21,09:45,Phorcus turbinatus,0.16,0.18,0.34
Dwejra,21.06.21,09:45,Phorcus turbinatus,0.15,0.18,0.33
Dwejra,21.06.21,09:45,Phorcus turbinatus,0.15,0.18,0.33
Dwejra,21.06.21,09:45,Phorcus turbinatus,0.03,0.18,0.21
Dwejra,21.06.21,09:45,Phorcus turbinatus,0.08,0.18,0.26
Dwejra,21.06.21,09:45,Phorcus turbinatus,0.05,0.18,0.23
Dwejra,21.06.21,09:45,Phorcus turbinatus,0.08,0.18,0.26
Dwejra,21.06.21,09:45,Phorcus turbinatus,0.09,0.18,0.27
Dwejra,21.06.21,09:45,Phorcus turbinatus,0.09,0.18,0.27
Dwejra,21.06.21,09:45,Phorcus turbinatus,0.09,0.18,0.27
Dwejra,21.06.21,09:45,Phorcus turbinatus,0.13,0.18,0.31
Dwejra,21.06.21,09:45,Phorcus turbinatus,0.14,0.18,0.32
Dwejra,21.06.21,09:45,Phorcus turbinatus,0.08,0.18,0.26
Dwejra,21.06.21,09:45,Phorcus turbinatus,0.09,0.18,0.27
Dwejra,21.06.21,09:45,Phorcus turbinatus,0.03,0.18,0.21
Dwejra,21.06.21,09:45,Phorcus turbinatus,0.04,0.18,0.22
Dwejra,21.06.21,09:45,Phorcus turbinatus,0.08,0.18,0.26
Dwejra,21.06.21,09:45,Phorcus turbinatus,-0.02,0.18,0.16
Dwejra,21.06.21,09:45,Phorcus turbinatus,0.07,0.18,0.25
Dwejra,21.06.21,09:45,Phorcus turbinatus,0.13,0.18,0.31
Dwejra,21.06.21,09:45,Phorcus turbinatus,0.14,0.18,0.32
Dwejra,21.06.21,09:45,Phorcus turbinatus,0.14,0.18,0.32
Dwejra,21.06.21,09:45,Phorcus turbinatus,0.14,0.18,0.32
Dwejra,21.06.21,09:45,Phorcus turbinatus,0.16,0.18,0.34
Dwejra,21.06.21,09:45,Phorcus turbinatus,0.1,0.18,0.28
Dwejra,21.06.21,09:45,Phorcus turbinatus,0.15,0.18,0.33
Dwejra,21.06.21,09:45,Phorcus turbinatus,0.15,0.18,0.33
Dwejra,21.06.21,09:45,Phorcus turbinatus,0.13,0.18,0.31
Dwejra,21.06.21,09:45,Phorcus turbinatus,0.09,0.18,0.27
Dwejra,21.06.21,09:45,Phorcus turbinatus,0.14,0.18,0.32
Dwejra,21.06.21,09:45,Phorcus turbinatus,0.15,0.18,0.33
Dwejra,21.06.21,09:45,Phorcus turbinatus,0.06,0.18,0.24
Dwejra,21.06.21,09:45,Phorcus turbinatus,0.07,0.18,0.25
Dwejra,21.06.21,09:45,Phorcus turbinatus,0.18,0.18,0.36
Dwejra,21.06.21,09:45,Phorcus turbinatus,0.05,0.18,0.23
Dwejra,21.06.21,09:45,Phorcus turbinatus,-0.01,0.18,0.17
Dwejra,21.06.21,09:45,Phorcus turbinatus,0.11,0.18,0.29
Dwejra,21.06.21,09:45,Phorcus turbinatus,0.2,0.18,0.38
Dwejra,21.06.21,09:45,Phorcus turbinatus,0.04,0.18,0.22
Dwejra,21.06.21,09:45,Phorcus turbinatus,0.08,0.18,0.26
Dwejra,21.06.21,09:45,Phorcus turbinatus,0.16,0.18,0.34
Dwejra,21.06.21,09:45,Phorcus turbinatus,0.03,0.18,0.21
Dwejra,21.06.21,09:45,Phorcus turbinatus,0,0.18,0.18
Dwejra,21.06.21,09:45,Phorcus turbinatus,0.09,0.18,0.27
Dwejra,21.06.21,09:45,Phorcus turbinatus,0.18,0.18,0.36
Dwejra,21.06.21,09:45,Phorcus turbinatus,0.14,0.18,0.32
Dwejra,21.06.21,09:45,Phorcus turbinatus,0.15,0.18,0.33
Dwejra,21.06.21,09:45,Phorcus turbinatus,0.07,0.18,0.25
Dwejra,21.06.21,09:45,Phorcus turbinatus,0.07,0.18,0.25
Dwejra,21.06.21,09:45,Phorcus turbinatus,0.02,0.18,0.2
Dwejra,21.06.21,09:45,Phorcus turbinatus,0.1,0.18,0.28
Dwejra,21.06.21,09:45,Phorcus turbinatus,0.14,0.18,0.32
Dwejra,21.06.21,09:45,Phorcus turbinatus,0.05,0.18,0.23
Dwejra,21.06.21,09:45,Phorcus turbinatus,0.05,0.18,0.23
Dwejra,21.06.21,09:45,Phorcus turbinatus,0.09,0.18,0.27
Dwejra,21.06.21,09:45,Phorcus turbinatus,0.07,0.18,0.25
Dwejra,21.06.21,09:45,Phorcus turbinatus,0.1,0.18,0.28
Dwejra,21.06.21,09:45,Phorcus turbinatus,0.1,0.18,0.28
Dwejra,21.06.21,09:45,Phorcus turbinatus,0.1,0.18,0.28
Dwejra,21.06.21,09:45,Phorcus turbinatus,0.1,0.18,0.28
Dwejra,21.06.21,09:45,Phorcus turbinatus,0.16,0.18,0.34
Dwejra,21.06.21,09:45,Phorcus turbinatus,0.02,0.18,0.2
Dwejra,21.06.21,09:45,Phorcus turbinatus,0.08,0.18,0.26
Dwejra,21.06.21,09:45,Phorcus turbinatus,0.03,0.18,0.21
Dwejra,21.06.21,09:45,Phorcus turbinatus,0.03,0.18,0.21
Dwejra,21.06.21,09:45,Phorcus turbinatus,0.03,0.18,0.21
Dwejra,21.06.21,09:45,Phorcus turbinatus,0.03,0.18,0.21
Dwejra,21.06.21,09:45,Phorcus turbinatus,0,0.18,0.18
Dwejra,21.06.21,09:45,Phorcus turbinatus,0.06,0.18,0.24
Dwejra,21.06.21,09:45,Phorcus turbinatus,0.08,0.18,0.26
Dwejra,21.06.21,09:45,Phorcus turbinatus,0.07,0.18,0.25
Dwejra,21.06.21,09:45,Phorcus turbinatus,0.1,0.18,0.28
Dwejra,21.06.21,09:45,Phorcus turbinatus,0.13,0.18,0.31
Dwejra,21.06.21,09:45,Phorcus turbinatus,0.14,0.18,0.32
Dwejra,21.06.21,09:45,Phorcus turbinatus,0.11,0.18,0.29
Dwejra,21.06.21,09:45,Phorcus turbinatus,0.1,0.18,0.28
Dwejra,21.06.21,09:45,Phorcus turbinatus,-0.15,0.18,0.03
Dwejra,21.06.21,09:45,Phorcus turbinatus,-0.07,0.18,0.11
Dwejra,21.06.21,09:45,Phorcus turbinatus,-0.05,0.18,0.13
Dwejra,21.06.21,09:45,Phorcus turbinatus,-0.04,0.18,0.14
Dwejra,21.06.21,09:45,Phorcus turbinatus,0,0.18,0.18
Dwejra,21.06.21,09:45,Phorcus turbinatus,0.06,0.18,0.24
Dwejra,21.06.21,09:45,Phorcus turbinatus,0.09,0.18,0.27
Dwejra,21.06.21,09:45,Phorcus turbinatus,0.06,0.18,0.24
Dwejra,21.06.21,09:45,Phorcus turbinatus,0.07,0.18,0.25
Dwejra,21.06.21,09:45,Phorcus turbinatus,0.11,0.18,0.29
Dwejra,21.06.21,09:45,Phorcus turbinatus,0.1,0.18,0.28
Dwejra,21.06.21,09:45,Phorcus turbinatus,-0.02,0.18,0.16
Dwejra,21.06.21,09:45,Phorcus turbinatus,-0.01,0.18,0.17
Dwejra,21.06.21,09:45,Phorcus turbinatus,-0.01,0.18,0.17
Dwejra,21.06.21,09:45,Phorcus turbinatus,0.04,0.18,0.22
Dwejra,21.06.21,09:45,Phorcus turbinatus,0.06,0.18,0.24
Dwejra,21.06.21,09:45,Phorcus turbinatus,0.06,0.18,0.24
Dwejra,21.06.21,09:45,Phorcus turbinatus,0.08,0.18,0.26
Dwejra,21.06.21,09:45,Phorcus turbinatus,0.09,0.18,0.27
Dwejra,21.06.21,09:45,Phorcus turbinatus,0.1,0.18,0.28
Dwejra,21.06.21,09:45,Phorcus turbinatus,0.09,0.18,0.27
Dwejra,21.06.21,09:45,Phorcus turbinatus,0.13,0.18,0.31
Dwejra,21.06.21,09:45,Phorcus turbinatus,0.13,0.18,0.31
Dwejra,21.06.21,09:45,Phorcus turbinatus,0.12,0.18,0.3
Dwejra,21.06.21,09:45,Phorcus turbinatus,0.03,0.18,0.21
Dwejra,21.06.21,09:45,Phorcus turbinatus,0.03,0.18,0.21
Dwejra,21.06.21,09:45,Phorcus turbinatus,0,0.18,0.18
Dwejra,21.06.21,09:45,Phorcus turbinatus,0.09,0.18,0.27
Dwejra,21.06.21,09:45,Phorcus turbinatus,0.1,0.18,0.28
Dwejra,21.06.21,09:45,Phorcus turbinatus,0.1,0.18,0.28
Dwejra,21.06.21,09:45,Phorcus turbinatus,0.1,0.18,0.28
Dwejra,21.06.21,09:45,Phorcus turbinatus,0.1,0.18,0.28
Dwejra,21.06.21,09:45,Phorcus turbinatus,0.08,0.18,0.26
Dwejra,21.06.21,09:45,Phorcus turbinatus,-0.01,0.18,0.17
Dwejra,21.06.21,09:45,Phorcus turbinatus,0.11,0.18,0.29
Dwejra,21.06.21,09:45,Phorcus turbinatus,0.11,0.18,0.29
Dwejra,21.06.21,09:45,Phorcus turbinatus,0.03,0.18,0.21
Dwejra,21.06.21,09:45,Phorcus turbinatus,0.02,0.18,0.2
Dwejra,21.06.21,09:45,Phorcus turbinatus,0.02,0.18,0.2
Dwejra,21.06.21,09:45,Phorcus turbinatus,0.02,0.18,0.2
Dwejra,21.06.21,09:45,Phorcus turbinatus,0.04,0.18,0.22
Dwejra,21.06.21,09:45,Phorcus turbinatus,0.01,0.18,0.19
Dwejra,21.06.21,09:45,Phorcus turbinatus,0.05,0.18,0.23
Dwejra,21.06.21,09:45,Phorcus turbinatus,-0.04,0.18,0.14
Dwejra,21.06.21,09:45,Phorcus turbinatus,0.16,0.18,0.34
Dwejra,21.06.21,09:45,Phorcus turbinatus,0.19,0.18,0.37
Dwejra,21.06.21,09:45,Phorcus turbinatus,0.12,0.18,0.3
Dwejra,21.06.21,09:45,Phorcus turbinatus,0.13,0.18,0.31
Dwejra,21.06.21,09:45,Phorcus turbinatus,0.11,0.18,0.29
Dwejra,21.06.21,09:45,Phorcus turbinatus,0.05,0.18,0.23
Dwejra,21.06.21,09:45,Phorcus turbinatus,-0.03,0.18,0.15
Dwejra,21.06.21,09:45,Phorcus turbinatus,-0.03,0.18,0.15
Dwejra,21.06.21,09:45,Phorcus turbinatus,0,0.18,0.18
Dwejra,21.06.21,09:45,Phorcus turbinatus,0.02,0.18,0.2
Dwejra,21.06.21,09:45,Phorcus turbinatus,0.05,0.18,0.23
Dwejra,21.06.21,09:45,Phorcus turbinatus,0.1,0.18,0.28
Dwejra,21.06.21,09:45,Phorcus turbinatus,0.08,0.18,0.26
Dwejra,21.06.21,09:45,Phorcus turbinatus,-0.01,0.18,0.17
Dwejra,21.06.21,09:45,Phorcus turbinatus,0.05,0.18,0.23
Dwejra,21.06.21,09:45,Phorcus turbinatus,0.05,0.18,0.23
Dwejra,21.06.21,09:45,Phorcus turbinatus,0.04,0.18,0.22
Dwejra,21.06.21,09:45,Phorcus turbinatus,0.06,0.18,0.24
Dwejra,21.06.21,09:45,Phorcus turbinatus,0.05,0.18,0.23
Dwejra,21.06.21,09:45,Phorcus turbinatus,-0.02,0.18,0.16
Dwejra,21.06.21,09:45,Phorcus turbinatus,0.03,0.18,0.21
Dwejra,21.06.21,09:45,Phorcus turbinatus,0.06,0.18,0.24
Dwejra,21.06.21,09:45,Phorcus turbinatus,0.06,0.18,0.24
Dwejra,21.06.21,09:45,Phorcus turbinatus,0.07,0.18,0.25
Dwejra,21.06.21,09:45,Phorcus turbinatus,0.07,0.18,0.25
Dwejra,21.06.21,09:45,Phorcus turbinatus,-0.02,0.18,0.16
Dwejra,21.06.21,09:45,Phorcus turbinatus,0.02,0.18,0.2
Dwejra,21.06.21,09:45,Phorcus turbinatus,0.03,0.18,0.21
Dwejra,21.06.21,09:45,Phorcus turbinatus,0.06,0.18,0.24
Dwejra,21.06.21,09:45,Phorcus turbinatus,0.05,0.18,0.23
Dwejra,21.06.21,09:45,Phorcus turbinatus,0.05,0.18,0.23
Dwejra,21.06.21,09:45,Phorcus turbinatus,0.05,0.18,0.23
Dwejra,21.06.21,09:45,Phorcus turbinatus,-0.03,0.18,0.15
Dwejra,21.06.21,09:45,Phorcus turbinatus,0.08,0.18,0.26
Dwejra,21.06.21,09:45,Phorcus turbinatus,0.08,0.18,0.26
Dwejra,21.06.21,09:45,Phorcus turbinatus,0.08,0.18,0.26
Dwejra,21.06.21,09:45,Phorcus turbinatus,0.07,0.18,0.25
Dwejra,21.06.21,09:45,Phorcus turbinatus,0.1,0.18,0.28
Dwejra,21.06.21,09:45,Phorcus turbinatus,0.08,0.18,0.26
Dwejra,21.06.21,09:45,Phorcus turbinatus,0.09,0.18,0.27
Dwejra,21.06.21,09:45,Phorcus turbinatus,0.13,0.18,0.31
Dwejra,21.06.21,09:45,Phorcus turbinatus,0.21,0.18,0.39
Dwejra,21.06.21,09:45,Phorcus turbinatus,0.25,0.18,0.43
Dwejra,21.06.21,09:45,Phorcus turbinatus,0,0.18,0.18
Dwejra,21.06.21,09:45,Phorcus turbinatus,0.23,0.18,0.41
Dwejra,21.06.21,09:45,Phorcus turbinatus,0.26,0.18,0.44
Dwejra,21.06.21,09:45,Phorcus turbinatus,0.17,0.18,0.35
Dwejra,21.06.21,09:45,Phorcus turbinatus,0.11,0.18,0.29
Dwejra,21.06.21,09:45,Phorcus turbinatus,0.08,0.18,0.26
Dwejra,21.06.21,09:45,Phorcus turbinatus,0.08,0.18,0.26
Dwejra,21.06.21,09:45,Phorcus turbinatus,-0.05,0.18,0.13
Dwejra,21.06.21,09:45,Phorcus turbinatus,-0.03,0.18,0.15
Dwejra,21.06.21,11:47,Thalassoma pavo,-0.9,0.24,-0.66
Dwejra,21.06.21,11:47,Thalassoma pavo,-0.6,0.24,-0.36
Dwejra,21.06.21,11:47,Thalassoma pavo,-0.6,0.24,-0.36
Dwejra,21.06.21,11:47,Thalassoma pavo,-1.5,0.24,-1.26
Dwejra,21.06.21,11:47,Thalassoma pavo,-0.7,0.24,-0.46
Dwejra,21.06.21,11:47,Thalassoma pavo,-0.7,0.24,-0.46
Dwejra,21.06.21,11:47,Thalassoma pavo,0,0.24,0.24
Dwejra,21.06.21,11:47,Thalassoma pavo,-0.3,0.24,-0.06
Dwejra,21.06.21,11:47,Thalassoma pavo,-0.6,0.24,-0.36
Dwejra,21.06.21,11:47,Thalassoma pavo,-0.6,0.24,-0.36
Dwejra,21.06.21,11:47,Thalassoma pavo,-0.7,0.24,-0.46
Dwejra,21.06.21,11:47,Thalassoma pavo,-1,0.24,-0.76
Dwejra,21.06.21,11:47,Thalassoma pavo,-0.2,0.24,0.04
Dwejra,21.06.21,11:47,Thalassoma pavo,-0.4,0.24,-0.16
Dwejra,21.06.21,11:47,Thalassoma pavo,-0.3,0.24,-0.06
Dwejra,21.06.21,11:47,Thalassoma pavo,-0.3,0.24,-0.06
Dwejra,21.06.21,11:47,Thalassoma pavo,-0.3,0.24,-0.06
Dwejra,21.06.21,11:47,Thalassoma pavo,-0.9,0.24,-0.66
Dwejra,21.06.21,11:47,Thalassoma pavo,-0.6,0.24,-0.36
Dwejra,21.06.21,11:47,Thalassoma pavo,-0.8,0.24,-0.56
Dwejra,21.06.21,11:47,Thalassoma pavo,-0.7,0.24,-0.46
Dwejra,21.06.21,11:47,Thalassoma pavo,-0.7,0.24,-0.46
Dwejra,21.06.21,11:47,Thalassoma pavo,-0.7,0.24,-0.46
Dwejra,21.06.21,11:47,Thalassoma pavo,-0.9,0.24,-0.66
Dwejra,21.06.21,11:47,Thalassoma pavo,-0.9,0.24,-0.66
Dwejra,21.06.21,11:47,Thalassoma pavo,-0.9,0.24,-0.66
Dwejra,21.06.21,11:47,Thalassoma pavo,-0.2,0.24,0.04
Dwejra,21.06.21,11:47,Thalassoma pavo,-0.1,0.24,0.14
Dwejra,21.06.21,11:47,Thalassoma pavo,-0.3,0.24,-0.06
Dwejra,21.06.21,11:47,Thalassoma pavo,-0.3,0.24,-0.06
Dwejra,21.06.21,11:47,Thalassoma pavo,-1.4,0.24,-1.16
Dwejra,21.06.21,11:47,Thalassoma pavo,-1.4,0.24,-1.16
Dwejra,21.06.21,11:47,Thalassoma pavo,-1.4,0.24,-1.16
Dwejra,21.06.21,11:47,Thalassoma pavo,-0.2,0.24,0.04
Dwejra,21.06.21,11:47,Thalassoma pavo,-0.6,0.24,-0.36
Dwejra,21.06.21,11:47,Thalassoma pavo,-0.7,0.24,-0.46
Dwejra,21.06.21,11:47,Thalassoma pavo,-0.7,0.24,-0.46
Dwejra,21.06.21,11:47,Thalassoma pavo,-1,0.24,-0.76
Dwejra,21.06.21,11:47,Thalassoma pavo,-0.9,0.24,-0.66
Dwejra,21.06.21,11:47,Thalassoma pavo,-0.8,0.24,-0.56
Dwejra,21.06.21,11:47,Thalassoma pavo,-0.6,0.24,-0.36
Dwejra,21.06.21,11:47,Thalassoma pavo,-0.9,0.24,-0.66
Dwejra,21.06.21,11:47,Thalassoma pavo,-0.6,0.24,-0.36
Dwejra,21.06.21,11:47,Thalassoma pavo,-0.9,0.24,-0.66
Dwejra,21.06.21,11:47,Thalassoma pavo,-1.4,0.24,-1.16
Dwejra,21.06.21,11:47,Thalassoma pavo,-1.6,0.24,-1.36
Dwejra,21.06.21,11:47,Thalassoma pavo,-1,0.24,-0.76
Dwejra,21.06.21,11:47,Thalassoma pavo,-0.7,0.24,-0.46
Dwejra,21.06.21,11:47,Thalassoma pavo,-0.8,0.24,-0.56
Dwejra,21.06.21,11:47,Thalassoma pavo,-0.6,0.24,-0.36
Dwejra,21.06.21,11:47,Thalassoma pavo,-1.3,0.24,-1.06
Dwejra,21.06.21,11:47,Thalassoma pavo,-0.4,0.24,-0.16
Dwejra,21.06.21,11:47,Thalassoma pavo,-0.7,0.24,-0.46
Dwejra,21.06.21,11:47,Thalassoma pavo,-1.2,0.24,-0.96
Dwejra,21.06.21,11:47,Thalassoma pavo,-1.6,0.24,-1.36
Dwejra,21.06.21,11:47,Thalassoma pavo,-0.7,0.24,-0.46
Dwejra,21.06.21,11:47,Thalassoma pavo,-0.6,0.24,-0.36
Dwejra,21.06.21,11:47,Thalassoma pavo,-0.6,0.24,-0.36
Dwejra,21.06.21,11:47,Thalassoma pavo,-0.3,0.24,-0.06
Dwejra,21.06.21,11:47,Thalassoma pavo,-0.5,0.24,-0.26
Dwejra,21.06.21,11:47,Thalassoma pavo,-0.4,0.24,-0.16
Dwejra,21.06.21,11:47,Thalassoma pavo,-0.5,0.24,-0.26
Dwejra,21.06.21,11:47,Thalassoma pavo,-0.3,0.24,-0.06
Dwejra,21.06.21,11:47,Thalassoma pavo,-0.4,0.24,-0.16
Dwejra,21.06.21,11:47,Thalassoma pavo,-0.5,0.24,-0.26
Dwejra,21.06.21,11:47,Thalassoma pavo,-0.5,0.24,-0.26
Dwejra,21.06.21,11:47,Thalassoma pavo,-0.3,0.24,-0.06
Dwejra,21.06.21,11:47,Thalassoma pavo,-0.3,0.24,-0.06
Dwejra,21.06.21,11:47,Thalassoma pavo,-0.7,0.24,-0.46
Dwejra,21.06.21,11:47,Thalassoma pavo,-0.8,0.24,-0.56
Dwejra,21.06.21,11:47,Thalassoma pavo,-0.2,0.24,0.04
Dwejra,21.06.21,11:47,Thalassoma pavo,-0.4,0.24,-0.16
Dwejra,21.06.21,11:47,Thalassoma pavo,-0.3,0.24,-0.06
Dwejra,21.06.21,11:47,Thalassoma pavo,-0.6,0.24,-0.36
Dwejra,21.06.21,11:47,Thalassoma pavo,-0.7,0.24,-0.46
Dwejra,21.06.21,11:47,Thalassoma pavo,-0.2,0.24,0.04
Dwejra,21.06.21,11:47,Hermodice carunculata,-1.2,0.24,-0.96
Dwejra,21.06.21,12:59,Hermodice carunculata,-0.8,0.24,-0.56
Dwejra,21.06.21,12:59,Hermodice carunculata,-1.2,0.24,-0.96
Dwejra,21.06.21,12:59,Hermodice carunculata,-1.2,0.24,-0.96
Dwejra,21.06.21,12:59,Hermodice carunculata,-2.3,0.24,-2.06
Dwejra,21.06.21,12:59,Hermodice carunculata,-3,0.24,-2.76
Xwejni,23.06.21,13:25,Phorcus turbinatus,-0.07,0.27,0.2
Xwejni,23.06.21,13:25,Phorcus turbinatus,0.01,0.27,0.28
Xwejni,23.06.21,13:25,Phorcus turbinatus,0.02,0.27,0.29
Xwejni,23.06.21,13:25,Phorcus turbinatus,0.01,0.27,0.28
Xwejni,23.06.21,13:25,Phorcus turbinatus,0.03,0.27,0.3
Xwejni,23.06.21,13:25,Phorcus turbinatus,0,0.27,0.27
Xwejni,23.06.21,13:25,Phorcus turbinatus,-0.11,0.27,0.16
Xwejni,23.06.21,15:50,Hermodice carunculata,-0.6,0.21,-0.39
Xwejni,23.06.21,15:50,Hermodice carunculata,-0.6,0.21,-0.39
Xwejni,23.06.21,15:50,Hermodice carunculata,-0.5,0.21,-0.29
Xwejni,23.06.21,15:50,Hermodice carunculata,-1.1,0.21,-0.89
Xwejni,23.06.21,15:50,Hermodice carunculata,-1.2,0.21,-0.99
Xwejni,23.06.21,15:50,Hermodice carunculata,-1.5,0.21,-1.29
Xwejni,23.06.21,15:50,Hermodice carunculata,-1.2,0.21,-0.99
Xwejni,23.06.21,15:50,Hermodice carunculata,-1.9,0.21,-1.69
Xwejni,23.06.21,15:50,Hermodice carunculata,-4.5,0.21,-4.29
Xwejni,23.06.21,15:50,Hermodice carunculata,-0.7,0.21,-0.49
Xwejni,23.06.21,15:50,Hermodice carunculata,-1,0.21,-0.79
Xwejni,23.06.21,15:50,Hermodice carunculata,-1.4,0.21,-1.19
Xwejni,23.06.21,15:50,Hermodice carunculata,-1.9,0.21,-1.69
Xwejni,23.06.21,15:50,Hermodice carunculata,-1.8,0.21,-1.59
Xwejni,23.06.21,15:50,Hermodice carunculata,-1.1,0.21,-0.89
Xwejni,23.06.21,15:50,Hermodice carunculata,-0.8,0.21,-0.59
Xwejni,23.06.21,15:50,Hermodice carunculata,-1.8,0.21,-1.59
Xwejni,23.06.21,15:50,Hermodice carunculata,-0.8,0.21,-0.59
Xwejni,23.06.21,15:50,Hermodice carunculata,-0.8,0.21,-0.59
Xwejni,23.06.21,15:50,Hermodice carunculata,-0.8,0.21,-0.59
Xwejni,23.06.21,15:50,Hermodice carunculata,-1.1,0.21,-0.89
Xwejni,23.06.21,15:50,Hermodice carunculata,-1.4,0.21,-1.19
Xwejni,23.06.21,15:50,Hermodice carunculata,-1.8,0.21,-1.59
Xwejni,23.06.21,15:50,Hermodice carunculata,-2,0.21,-1.79
Xwejni,23.06.21,15:50,Hermodice carunculata,-1.5,0.21,-1.29
Xwejni,23.06.21,15:50,Hermodice carunculata,-2,0.21,-1.79
Xwejni,23.06.21,15:50,Hermodice carunculata,-1.2,0.21,-0.99
Xwejni,23.06.21,15:50,Hermodice carunculata,-1.6,0.21,-1.39
Xwejni,23.06.21,15:50,Hermodice carunculata,-2.7,0.21,-2.49
Xwejni,23.06.21,15:50,Hermodice carunculata,-2.9,0.21,-2.69
Xwejni,23.06.21,15:50,Hermodice carunculata,-3.6,0.21,-3.39
Xwejni,23.06.21,15:50,Hermodice carunculata,-1.8,0.21,-1.59
Xwejni,23.06.21,15:50,Hermodice carunculata,-1.4,0.21,-1.19
Xwejni,23.06.21,15:50,Hermodice carunculata,-2,0.21,-1.79
Xwejni,24.06.21,12:21,Hermodice carunculata,-1.3,0.21,-1.09
Xwejni,24.06.21,12:45,Hexaplex trunculus,-1.4,0.23,-1.17
Xwejni,24.06.21,12:45,Hermodice carunculata,-0.6,0.23,-0.37
Xwejni,24.06.21,14:25,Hexaplex trunculus,-1,0.27,-0.73
Xwejni,24.06.21,14:25,Hexaplex trunculus,-0.7,0.27,-0.43
Xwejni,24.06.21,14:25,Hermodice carunculata,-0.8,0.27,-0.53
Xwejni,24.06.21,14:25,Hermodice carunculata,-0.8,0.27,-0.53
Xwejni,24.06.21,14:25,Hexaplex trunculus,-0.8,0.27,-0.53
Xwejni,24.06.21,14:25,Hexaplex trunculus,-0.8,0.27,-0.53
Xwejni,24.06.21,14:25,Hexaplex trunculus,-1.1,0.27,-0.83
Xwejni,24.06.21,16:33,Hexaplex trunculus,-3,0.21,-2.79
Xwejni,24.06.21,16:33,Hexaplex trunculus,-3.1,0.21,-2.89
Xwejni,24.06.21,16:33,Hexaplex trunculus,-1.5,0.21,-1.29
Xwejni,24.06.21,16:33,Hexaplex trunculus,-2.2,0.21,-1.99
Xwejni,24.06.21,16:33,Hexaplex trunculus,-4.2,0.21,-3.99
Xwejni,24.06.21,16:33,Hexaplex trunculus,-3.7,0.21,-3.49
Xwejni,24.06.21,16:33,Hexaplex trunculus,-2.3,0.21,-2.09
Xwejni,24.06.21,16:33,Hexaplex trunculus,-1.5,0.21,-1.29
Dwejra,25.06.21,16:10,Hermodice carunculata,-4.4,0.24,-4.16
Dwejra,25.06.21,16:10,Hermodice carunculata,-4.6,0.24,-4.36
Dwejra,26.06.21,15:50,Hermodice carunculata,-0.4,0.25,-0.15
Dwejra,26.06.21,15:50,Hermodice carunculata,-2.7,0.25,-2.45
Dwejra,26.06.21,15:50,Hermodice carunculata,-1.2,0.25,-0.95
Xwejni,26.06.21,17:18,Hexaplex trunculus,-0.8,0.22,-0.58
Xwejni,26.06.21,17:18,Hermodice carunculata,-0.9,0.22,-0.68
Xwejni,26.06.21,17:18,Hermodice carunculata,-1.3,0.22,-1.08
Xwejni,26.06.21,17:18,Hermodice carunculata,-1.8,0.22,-1.58
Xwejni,26.06.21,17:18,Hexaplex trunculus,-2.1,0.22,-1.88
Xwejni,26.06.21,17:18,Hexaplex trunculus,-1.9,0.22,-1.68
Xwejni,26.06.21,17:18,Hexaplex trunculus,-2.1,0.22,-1.88
Xwejni,26.06.21,17:32,Hermodice carunculata,-0.2,0.21,0.01
Xwejni,26.06.21,17:49,Hermodice carunculata,-0.3,0.2,-0.1
Dwejra,25.06.21,16:07,Hexaplex trunculus,-4.7,0.24,-4.46
Dwejra,26.06.21,15:46,Hexaplex trunculus,-5.4,0.25,-5.15
Dwejra,26.06.21,15:46,Hermodice carunculata,-1.5,0.25,-1.25
Dwejra,27.06.21,15:47,Hermodice carunculata,-0.4,0.23,-0.17
Dwejra,27.06.21,15:47,Hexaplex trunculus,-2.6,0.23,-2.37
Dwejra,27.06.21,15:47,Hermodice carunculata,-0.8,0.23,-0.57
Dwejra,27.06.21,15:47,Hermodice carunculata,-0.9,0.23,-0.67
Dwejra,27.06.21,16:51,Hermodice carunculata,-1.5,0.23,-1.27
Dwejra,27.06.21,16:51,Hermodice carunculata,-1.1,0.23,-0.87
Dwejra,27.06.21,16:51,Hermodice carunculata,-1.5,0.23,-1.27
Dwejra,27.06.21,16:51,Hermodice carunculata,-1.4,0.23,-1.17
Dwejra,27.06.21,16:49,Hexaplex trunculus,-4.5,0.23,-4.27
Dwejra,28.06.21,16:55,Hermodice carunculata,-1.3,0.22,-1.08
Xwejni,29.06.21,08:03,Hexaplex trunculus,-0.4,0.16,-0.24
Xwejni,29.06.21,08:03,Hermodice carunculata,-0.4,0.16,-0.24
Xwejni,29.06.21,08:03,Hermodice carunculata,-0.2,0.16,-0.04
Xwejni,29.06.21,08:03,Hermodice carunculata,-1.2,0.16,-1.04
Xwejni,29.06.21,08:03,Hermodice carunculata,-0.4,0.16,-0.24
Xwejni,29.06.21,11:25,Hermodice carunculata,-0.2,0.07,-0.13
Xwejni,29.06.21,11:25,Hermodice carunculata,-2.5,0.07,-2.43
Xwejni,26.06.21,17:49,Hexaplex trunculus,-0.7,0.2,-0.5
Xwejni,23.06.21,16:50,Hexaplex trunculus,-2,0.16,-1.84
Xwejni,23.06.21,16:50,Hexaplex trunculus,-2,0.16,-1.84
Xwejni,23.06.21,16:50,Hexaplex trunculus,-2,0.16,-1.84
Xwejni,23.06.21,16:50,Hexaplex trunculus,-2,0.16,-1.84
Xwejni,23.06.21,16:50,Hexaplex trunculus,-2,0.16,-1.84
Xwejni,23.06.21,16:50,Hexaplex trunculus,-2,0.16,-1.84
Xwejni,23.06.21,16:50,Hexaplex trunculus,-2,0.16,-1.84